ntwk,state,site_name,ts,start,lat,lon,elev,county,huc,
SNTL,AK,Alexander Lake (1267),,2014-August,61.75,-150.89,160,Matanuska-susitna,Upper Alexander Creek (190205051106),
SNTL,AK,American Creek (1189),,2011-August,64.79,-141.23,1050,Southeast Fairbanks,American Creek (190705050504),
SNTL,AK,Anchor River Divide (1062),,1980-October,59.86,-151.32,1653,Kenai Peninsula,Headwaters Anchor River (190203010701),
SNTL,AK,Anchorage Hillside (1070),,2004-October,61.11,-149.67,2080,Anchorage,South Fork Campbell Creek (190204010601),
SNTL,AK,Aniak (2065),,2002-July,61.58,-159.58,80,Bethel,Aniak Slough-Kuskokwim River (190305020504),
SNTL,AK,Atigun Pass (957),,1981-October,68.13,-149.48,4800,North Slope,Chandalar Shelf (190802010102),
SNTL,AK,Bettles Field (1182),,1980-October,66.92,-151.53,640,Yukon-koyukuk,Jack White Creek-Koyukuk River (190901012604),
SNTL,AK,Chena Lakes (1260),,2020-August,64.76,-147.22,500,Fairbanks North Star,190803060901 (190803060901),
SNTL,AK,Chisana (1093),,2007-October,62.07,-142.05,3320,Valdez-cordova,Red Hill Creek-Chisana River (190803010305),
SNTL,AK,Coldfoot (958),,1994-October,67.25,-150.18,1040,Yukon-koyukuk,Slate Creek (190901010604),
SNTL,AK,Cooper Lake (959),,1981-October,60.39,-149.69,1200,Kenai Peninsula,Kenai Lake (190203021205),
SNTL,AK,Creamers Field (1302),,2021-August,64.87,-147.74,440,Fairbanks North Star,Chena River (190803060907),
SNTL,AK,Dahl Creek (1303),,2021-September,66.95,-156.9,260,Northwest Arctic,Dahl Creek (190503021508),
SNTL,AK,Eagle Summit (960),,1997-October,65.49,-145.41,3650,Yukon-koyukuk,Porcupine Creek (190804010801),
SNTL,AK,East Palmer (953),,2018-July,61.6,-149.1,230,Matanuska-susitna,Outlet Matanuska River (190204020709),
SNTL,AK,Elmendorf Field (1332),,2024-October,61.25,-149.82,170,Anchorage,Outlet Ship Creek (190204010404),
SNTL,AK,Esther Island (1071),,2004-October,60.8,-148.09,50,Valdez-cordova,Esther Lake-Frontal Prince William Sound (190202011605),
SNTL,AK,Exit Glacier (1092),,2011-July,60.19,-149.62,400,Kenai Peninsula,Oulet Resurrection River (190202020508),
SNTL,AK,Fielding Lake (1268),,2014-August,63.2,-145.63,3000,Valdez-cordova,Fielding Lake (190803040302),
SNTL,AK,Flower Mountain (1285),,2017-August,59.4,-136.28,2510,Haines,Porcupine Creek (190103031206),
SNTL,AK,Fort Yukon (961),,1992-October,66.57,-145.25,430,Yukon-koyukuk,Seventeen Mile Slough-Yukon River (190705062100),
SNTL,AK,Frostbite Bottom (641),,2019-February,61.75,-149.27,2700,Matanuska-susitna,Fishhook Creek-Little Susitna River (190205051202),
SNTL,AK,Galena AK (429),,2018-August,64.7,-156.71,410,Yukon-koyukuk,Louden Slough-Yukon River (190902051104),
SNTL,AK,Gobblers Knob (962),,1996-October,66.75,-150.67,2030,Yukon-koyukuk,Outlet Prospect Creek (190901020403),
SNTL,AK,Grandview (956),,1982-October,60.61,-149.06,1100,Kenai Peninsula,Headwaters Trail Creek (190203021001),
SNTL,AK,Granite Crk (963),,1985-November,63.94,-145.4,1240,Southeast Fairbanks,Granite Creek (190803031306),
SNTL,AK,Grouse Creek Divide (964),,1988-October,60.26,-149.34,700,Kenai Peninsula,South Fork Snow River (190203020902),
SNTL,AK,Gulkana River (2222),,2018-June,62.41,-145.38,1830,Valdez-cordova,Boulder Lake (190201020604),
SNTL,AK,Heen Latinee (1270),,2015-October,58.7,-134.86,2065,Juneau,Davies Creek (190103010401),
SNTL,AK,Hoonah (1318),,2023-October,58.12,-135.41,1550,Hoonah-angoon,Port Fredrick-Frontal Icy Strait (190102110906),
SNTL,AK,Hozatka Lake (2210),,2014-August,65.2,-156.63,206,Yukon-koyukuk,Hozatka Lake (190901091201),
SNTL,AK,Imnaviat Creek (968),,1980-October,68.62,-149.3,3050,North Slope,Headwaters Toolik River (190604010702),
SNTL,AK,Independence Mine (1091),,1997-October,61.79,-149.28,3550,Matanuska-susitna,Fishhook Creek-Little Susitna River (190205051202),
SNTL,AK,Indian Pass (946),,1978-October,61.07,-149.48,2350,Anchorage,Headwaters Ship Creek (190204010402),
SNTL,AK,Jack Wade Jct (1275),,2015-October,64.15,-141.33,3585,Southeast Fairbanks,Kal Creek (190705022204),
SNTL,AK,Johnsons Camp (1036),,2000-October,64.56,-164.29,25,Nome,Pine Creek (190501042003),
SNTL,AK,Kantishna (1072),,2004-October,63.54,-150.99,1550,Denali,Moose Creek (190803101805),
SNTL,AK,Kelly Station (1175),,1991-October,67.93,-162.28,310,Northwest Arctic,190504030802-Noatak River (190504030802),
SNTL,AK,Kenai Moose Pens (966),,1982-October,60.73,-150.48,300,Kenai Peninsula,Upper Moose River (190203021601),
SNTL,AK,Little Chena Ridge (947),,1980-October,65.12,-146.73,2000,Fairbanks North Star,190803060706-Little Chena River (190803060706),
SNTL,AK,Long Lake (1001),,1966-October,58.19,-133.83,850,Juneau,Long River (190102060505),
SNTL,AK,Look Eyrie (768),,2019-August,63.32,-145.6,5040,Southeast Fairbanks,Canwell Glacier (190803040504),
SNTL,AK,Lower Kachemak Creek (1265),,2015-June,59.74,-150.69,1915,Kenai Peninsula,Bradley Lake (190203011101),
SNTL,AK,May Creek (1096),,2006-October,61.35,-142.71,1610,Valdez-cordova,Hunter Creek (190201031603),
SNTL,AK,McGrath (785),,2019-August,62.95,-155.61,340,Yukon-koyukuk,Town of McGrath-Kuskokwim River (190304050502),
SNTL,AK,Mcneil Canyon (1003),,1985-October,59.74,-151.25,1320,Kenai Peninsula,Swift Creek-Frontal Kachemak Bay (190203010806),
SNTL,AK,Mcneil River SGS (1191),,2012-June,59.08,-154.28,140,Kenai Peninsula,Mikfik Creek-Frontal Kamishak Bay (190206021207),
SNTL,AK,Middle Fork Bradley (1064),,1989-October,59.78,-150.76,2300,Kenai Peninsula,Bradley River (190203011102),
SNTL,AK,Monahan Flat (1094),,1983-October,63.31,-147.65,2710,Matanuska-susitna,West Fork Susitna River (190205010304),
SNTL,AK,Monument Creek (949),,1979-October,65.08,-145.87,1850,Fairbanks North Star,Monument Creek (190803060402),
SNTL,AK,Moore Creek Bridge (1176),,1989-October,59.59,-135.21,2250,Skagway,Captain William Moore Creek (190103030203),
SNTL,AK,Moraine (1035),,2001-October,61.38,-149,2100,Anchorage,Eklutna Lake (190204010103),
SNTL,AK,Mt. Alyeska (1103),,1971-October,60.96,-149.09,1540,Anchorage,Glacier Creek (190203020702),
SNTL,AK,Mt. Eyak (1073),,2004-October,60.55,-145.75,1405,Valdez-cordova,Orca Inlet-Frontal Prince William Sound (190202010200),
SNTL,AK,Mt. Ryan (948),,1980-October,65.25,-146.15,2800,Fairbanks North Star,Headwaters West Fork Chena River (190803060404),
SNTL,AK,Munson Ridge (950),,1979-October,64.85,-146.21,3100,Fairbanks North Star,Rock Creek-Chena River (190803060602),
SNTL,AK,Nenana (2081),,2002-October,64.69,-148.91,415,Yukon-koyukuk,Little Goldstream Creek (190803090803),
SNTL,AK,Nuka Glacier (1037),,1989-October,59.7,-150.71,1250,Kenai Peninsula,Bradley Lake (190203011101),
SNTL,AK,Old Independence Mine (1315),,1997-October,61.79,-149.28,3550,Matanuska-susitna,Fishhook Creek-Little Susitna River (190205051202),
SNTL,AK,Paradise Hill (1301),,2021-July,62.83,-141.41,2010,Southeast Fairbanks,Lower Gardiner Creek (190803010807),
SNTL,AK,Pargon Creek (986),,1999-October,64.99,-163.1,100,Nome,Slate Creek-Fish River (190501040905),
SNTL,AK,Pilgrim Hot Springs (1327),,2024-July,65.09,-164.92,20,Nome,Paystreak Creek-Pilgrim River (190501050702),
SNTL,AK,Port Graham (987),,1999-October,59.35,-151.85,300,Kenai Peninsula,Port Graham-Frontal Cook Inlet (190203011208),
SNTL,AK,Prudhoe Bay (1177),,2002-October,70.27,-148.57,30,North Slope,190604010102 (190604010102),
SNTL,AK,Rocky Point (973),,1999-September,64.53,-163.42,250,Nome,Golovnin Lagoon-Frontal Golovnin Bay (190501041103),
SNTL,AK,Sagwon (1183),,1982-October,69.42,-148.69,1000,North Slope,190604010905 (190604010905),
SNTL,AK,Seven Mile (1330),,2024-September,65.94,-149.86,660,Yukon-koyukuk,Outlet Ray River (190804040306),
SNTL,AK,Spring Creek (2044),,2018-June,61.66,-149.13,580,Matanuska-susitna,Outlet Matanuska River (190204020709),
SNTL,AK,Sugarloaf Mtn (1095),,2006-October,61.08,-146.3,550,Valdez-cordova,Solomon Gulch (190202011101),
SNTL,AK,Summit Creek (955),,1988-October,60.62,-149.53,1400,Kenai Peninsula,Headwaters Canyon Creek (190203020401),
SNTL,AK,Susitna Valley High (967),,1986-October,62.13,-150.04,375,Matanuska-susitna,Little Montana Creek-Montana Creek (190205050105),
SNTL,AK,Telaquana Lake (1266),,2014-July,60.98,-153.92,1275,Bethel,Upper Telaquana River (190304052303),
SNTL,AK,Teuchet Creek (951),,1980-October,64.95,-145.52,1640,Fairbanks North Star,Teuchet Creek (190803060301),
SNTL,AK,Tok (2080),,2002-October,63.35,-142.98,1630,Southeast Fairbanks,Tanacross (190803020903),
SNTL,AK,Tokositna Valley (1089),,2005-October,62.63,-150.78,850,Matanuska-susitna,Upper Tokositna River (190205020903),
SNTL,AK,Turnagain Pass (954),,1981-October,60.78,-149.18,1880,Kenai Peninsula,Granite Creek (190203020406),
SNTL,AK,Upper Chena (952),,1983-October,65.1,-144.93,2850,Fairbanks North Star,Headwaters Middle Fork Chena River (190803060102),
SNTL,AK,Upper Nome Creek (1090),,2005-October,65.37,-146.59,2520,Yukon-koyukuk,Sumner Creek-Nome Creek (190804020304),
SNTL,AK,Upper Tsaina River (1055),,2002-October,61.19,-145.65,1750,Valdez-cordova,Middle Tsina River (190201040203),
SNTL,AZ,Baker Butte (308),,1965-October,34.46,-111.41,7363,Coconino,Pine Creek (150602030206),
SNTL,AZ,Baker Butte Smt (1140),,2009-May,34.46,-111.38,7752,Coconino,Toms Creek (150602030103),
SNTL,AZ,Baldy (310),,1949-November,33.98,-109.5,9221,Apache,Hall Creek-Little Colorado River (150200010203),
SNTL,AZ,Bar M (1212),,2012-September,34.86,-111.6,6397,Coconino,Bar M Canyon (150602020601),
SNTL,AZ,Beaver Head (902),,1993-October,33.69,-109.22,8076,Greenlee,Upper Beaver Creek (150601010107),
SNTL,AZ,Beaver Spring (1143),,2009-October,36.33,-109.06,9255,Apache,Tsaile Creek-Tsaile Lake (140802040401),
SNTL,AZ,Chalender (1139),,2009-May,35.26,-112.06,7035,Coconino,Pitman Valley-Scholz Lake (150602020305),
SNTL,AZ,Coronado Trail (416),,1978-October,33.8,-109.15,8418,Apache,Coleman Creek (150400040501),
SNTL,AZ,Fort Valley (1121),,2008-June,35.27,-111.74,7371,Coconino,Upper Rio de Flag (150200150102),
SNTL,AZ,Fry (488),,1978-October,35.07,-111.84,7236,Coconino,Fry Canyon (150602020501),
SNTL,AZ,Hannagan Meadows (511),,1956-October,33.65,-109.31,9027,Greenlee,Upper Beaver Creek (150601010107),
SNTL,AZ,Happy Jack (969),,1999-June,34.75,-111.41,7539,Coconino,Brady Canyon (150602020604),
SNTL,AZ,Hawley Lake (1271),,2015-September,33.97,-109.77,8314,Apache,Trout Creek (150601020106),
SNTL,AZ,Heber (519),,1953-October,34.31,-110.75,7650,Coconino,West Fork Black Canyon (150200100201),
SNTL,AZ,Maverick Fork (617),,1953-October,33.92,-109.46,9220,Apache,Upper West Fork Black River (150601010104),
SNTL,AZ,Mormon Mountain (640),,1963-January,34.94,-111.52,7500,Coconino,Mormon Lake (150200150201),
SNTL,AZ,Mormon Mtn Summit (1125),,2008-June,34.97,-111.51,8462,Coconino,Upper Lake Mary-Walnut Creek (150200150202),
SNTL,AZ,Nutrioso (1127),,2008-June,33.9,-109.15,8571,Apache,Luna Lake-San Francisco River (150400040301),
SNTL,AZ,Promontory (705),,1979-October,34.37,-111.01,7942,Coconino,Upper Willow Creek (150200080306),
SNTL,AZ,Snowslide Canyon (927),,1997-September,35.34,-111.65,9744,Coconino,Bear Jaw Canyon (150200160201),
SNTL,AZ,White Horse Lake (861),,1970-November,35.14,-112.15,7203,Coconino,Upper Hell Canyon (150602020204),
SNTL,AZ,Wildcat (866),,1983-October,33.74,-109.48,7868,Apache,Centerfire Creek (150601010109),
SNTL,AZ,Workman Creek (877),,1938-December,33.81,-110.92,7032,Gila,Workman Creek (150601030802),
SNTL,CA,Adin Mtn (301),,1983-October,41.24,-120.79,6190,Modoc,Cottonwood Creek (180200021403),
SNTL,CA,Blue Lakes (356),,1980-October,38.61,-119.92,8067,Alpine,Deer Creek (180400120101),
SNTL,CA,Burnside Lake (1051),,2003-October,38.72,-119.89,8129,Alpine,Hot Springs Creek (160502010107),
SNTL,CA,Carson Pass (1067),,2004-October,38.69,-120,8355,Alpine,Caples Creek (180201290101),
SNTL,CA,Cedar Pass (391),,1977-October,41.58,-120.3,7030,Modoc,Thoms Creek (180200020603),
SNTL,CA,Crowder Flat (977),,1999-October,41.89,-120.75,5170,Modoc,Mosquito Creek-Willow Creek (180102040103),
SNTL,CA,Css Lab (428),,1980-October,39.33,-120.37,6894,Nevada,Rattlesnake Creek-South Yuba River (180201250602),
SNTL,CA,Dismal Swamp (446),,1979-October,41.99,-120.18,7360,Modoc,Dismal Creek-Deep Creek (171200070304),
SNTL,CA,Ebbetts Pass (462),,1978-October,38.55,-119.8,8661,Alpine,Silver Creek (160502010104),
SNTL,CA,Echo Peak (463),,1980-October,38.85,-120.08,7653,El Dorado,Upper Truckee River-Frontal Lake Tahoe (160501010303),
SNTL,CA,Fallen Leaf (473),,1979-October,38.93,-120.05,6242,El Dorado,Fallen Leaf Lake-Frontal Lake Tahoe (160501010401),
SNTL,CA,Forestdale Creek (1049),,2003-October,38.68,-119.96,8017,Alpine,Upper West Fork Carson River (160502010301),
SNTL,CA,Fredonyer Peak (1277),,2016-October,40.69,-120.61,7208,Lassen,Lower Dry Lake-Frontal Eagle Lake (180800030304),
SNTL,CA,Hagans Meadow (508),,1978-October,38.85,-119.94,7742,El Dorado,Trout Creek (160501010302),
SNTL,CA,Heavenly Valley (518),,1978-October,38.92,-119.92,8534,El Dorado,Trout Creek (160501010302),
SNTL,CA,Horse Meadow (1050),,2003-October,38.84,-119.89,8557,Alpine,Middle West Fork Carson River (160502010302),
SNTL,CA,Independence Camp (539),,1978-October,39.45,-120.29,6980,Sierra,Independence Creek (160501020102),
SNTL,CA,Independence Creek (540),,1980-October,39.49,-120.28,6436,Sierra,Independence Creek (160501020102),
SNTL,CA,Independence Lake (541),,1978-October,39.43,-120.31,8338,Nevada,Sagehen Creek (160501020104),
SNTL,CA,Leavitt Lake (574),,1989-October,38.28,-119.61,9604,Mono,Leavitt Creek-West Walker River (160503020104),
SNTL,CA,Leavitt Meadows (575),,1980-October,38.3,-119.55,7198,Mono,Leavitt Creek-West Walker River (160503020104),
SNTL,CA,Lobdell Lake (587),,1978-October,38.44,-119.37,9249,Mono,Deep Creek (160503020201),
SNTL,CA,Lost Lakes (1331),,2024-September,38.65,-119.95,8640,Alpine,Upper West Fork Carson River (160502010301),
SNTL,CA,Monitor Pass (633),,1990-October,38.67,-119.61,8306,Alpine,Leviathan Canyon (160502010201),
SNTL,CA,Palisades Tahoe (784),,1979-October,39.19,-120.27,8013,Placer,Washeshu Creek-Truckee River (160501020202),
SNTL,CA,Poison Flat (697),,1980-October,38.51,-119.63,7736,Alpine,Bryant Creek-East Fork Carson River (160502010102),
SNTL,CA,Rubicon #2 (724),,1980-October,39,-120.13,7619,El Dorado,General Creek-Frontal Lake Tahoe (160501010402),
SNTL,CA,Sonora Pass (771),,1978-October,38.31,-119.6,8770,Mono,Leavitt Creek-West Walker River (160503020104),
SNTL,CA,Spratt Creek (778),,1983-October,38.67,-119.82,6063,Alpine,Hot Springs Creek (160502010107),
SNTL,CA,State Line (1258),,2014-June,41.99,-120.72,5680,Modoc,Weed Valley-North Fork Willow Creek (180102040201),
SNTL,CA,Summit Meadow (1052),,2003-October,38.4,-119.54,9313,Mono,Mill Creek (160503020203),
SNTL,CA,Tahoe City Cross (809),,1980-October,39.17,-120.15,6797,Placer,Burton Creek-Frontal Lake Tahoe (160501010101),
SNTL,CA,Truckee #2 (834),,1980-October,39.3,-120.18,6509,Placer,Martis Creek (160501020204),
SNTL,CA,Virginia Lakes Ridge (846),,1978-October,38.07,-119.23,9400,Mono,Virginia Creek (160503010103),
SNTL,CA,Ward Creek #3 (848),,1979-October,39.14,-120.22,6745,Placer,Ward Creek-Frontal Lake Tahoe (160501010403),
SNTL,CA,Willow Flat CA (1317),,2023-September,38.27,-119.45,8215,Mono,Upper Little Walker River (160503020103),
SNTL,CO,Apishapa (303),,1979-October,37.33,-105.07,10027,Huerfano,Middle Creek-Cucharas River (110200060406),
SNTL,CO,Arapaho Ridge (1030),,2002-August,40.35,-106.38,10976,Grand,Rabbit Ears Creek-Troublesome Creek (140100010604),
SNTL,CO,Bear Lake (322),,1979-October,40.31,-105.65,9522,Larimer,Glacier Creek (101900060201),
SNTL,CO,Bear River (1061),,2004-October,40.06,-107.01,9112,Routt,Yamcolo Reservoir-Bear River (140500010102),
SNTL,CO,Beartown (327),,1979-October,37.71,-107.51,11600,San Juan,Bear Creek-Rio Grande (130100010104),
SNTL,CO,Beaver Ck Village (1041),,2002-November,39.6,-106.51,8565,Eagle,Beaver Creek-Eagle River (140100030301),
SNTL,CO,Berthoud Summit (335),,1963-September,39.8,-105.78,11314,Grand,Upper Fraser River (140100010202),
SNTL,CO,Bison Lake (345),,1985-September,39.76,-107.36,10964,Garfield,Headwaters Deep Creek (140100011401),
SNTL,CO,Black Mesa (1185),,2011-July,37.79,-108.18,11564,Dolores,Fish Creek (140300020103),
SNTL,CO,Black Mountain (1161),,2010-October,40.89,-105.66,8980,Larimer,George Creek-Sheep Creek (101900070501),
SNTL,CO,Brumley (369),,1979-October,39.09,-106.54,10594,Lake,North Fork Lake Creek (110200010101),
SNTL,CO,Buckskin Joe (938),,1998-August,39.3,-106.11,11166,Park,Headwaters Middle Fork South Platte River (101900010102),
SNTL,CO,Buffalo Park (913),,1995-September,40.23,-106.6,9249,Grand,Deer Creek-Red Dirt Creek (140100010706),
SNTL,CO,Burro Mountain (378),,1978-October,39.88,-107.6,9317,Rio Blanco,North Elk Creek (140500050302),
SNTL,CO,Butte (380),,1979-October,38.89,-106.95,10200,Gunnison,Washington Gulch-Slate River (140200010206),
SNTL,CO,Cascade #2 (387),,1990-September,37.66,-107.8,9012,San Juan,Headwaters Cascade Creek (140801040201),
SNTL,CO,Castle Peak (1326),,2024-September,39,-106.84,11500,Pitkin,Express Creek-Castle Creek (140100040202),
SNTL,CO,Chapman Tunnel (1101),,2007-September,39.26,-106.63,10100,Pitkin,Deeds Creek-Fryingpan River (140100040504),
SNTL,CO,Cochetopa Pass (1059),,2004-September,38.16,-106.6,10061,Saguache,Luders Creek (130100040203),
SNTL,CO,Columbine (408),,1978-October,40.4,-106.6,9167,Jackson,Upper Grizzly Creek (101800010102),
SNTL,CO,Columbine Pass (409),,1985-October,38.42,-108.38,9171,Montrose,Potter Creek (140200050202),
SNTL,CO,Columbus Basin (904),,1994-August,37.44,-108.02,10781,La Plata,Headwaters La Plata River (140801050101),
SNTL,CO,Copeland Lake (412),,1979-October,40.21,-105.57,8555,Boulder,Headwaters North Saint Vrain Creek (101900050202),
SNTL,CO,Copper Mountain (415),,1978-October,39.49,-106.17,10523,Summit,West Tenmile Creek (140100020302),
SNTL,CO,Crosho (426),,1985-October,40.17,-107.06,8973,Rio Blanco,Hunt Creek (140500010106),
SNTL,CO,Culebra #2 (430),,1978-October,37.21,-105.2,10562,Costilla,Headwaters Culebra Creek (130100020902),
SNTL,CO,Cumbres Trestle (431),,1979-October,37.02,-106.45,10035,Conejos,Wolf Creek (130201020203),
SNTL,CO,Deadman Hill (438),,1978-October,40.81,-105.77,10239,Larimer,Panhandle Creek-North Fork Cache la Poudre River (101900070502),
SNTL,CO,Dry Lake (457),,1979-October,40.53,-106.78,8271,Routt,City of Steamboat Springs-Yampa River (140500010409),
SNTL,CO,Echo Lake (936),,1998-August,39.66,-105.59,10694,Clear Creek,Vance Creek (101900020801),
SNTL,CO,El Diente Peak (465),,1985-October,37.79,-108.02,10217,Dolores,Barlow Creek-Dolores River (140300020202),
SNTL,CO,Elk River (467),,1978-October,40.85,-106.97,8739,Routt,Steamboat Lake-Willow Creek (140500010206),
SNTL,CO,Elkhead Divide (1252),,2016-September,40.8,-107.1,8800,Routt,Headwaters Elkhead Creek (140500010601),
SNTL,CO,Elliot Ridge (1120),,2009-August,39.86,-106.42,10549,Summit,Deep Creek-Blue River (140100020602),
SNTL,CO,Elwood Pass (1325),,2024-August,37.41,-106.64,11680,Rio Grande,Headwaters Alamosa River (130100020302),
SNTL,CO,Fool Creek (1186),,2011-July,39.87,-105.87,11156,Grand,Saint Louis Creek (140100010203),
SNTL,CO,Fremont Pass (485),,1979-October,39.38,-106.2,11326,Summit,Upper Tenmile Creek (140100020301),
SNTL,CO,Glen Cove (1057),,2004-August,38.88,-105.08,11391,Teller,Headwaters Fountain Creek (110200030201),
SNTL,CO,Grayback (1058),,2004-September,37.47,-106.54,11626,Rio Grande,East Fork Pinos Creek (130100020101),
SNTL,CO,Grizzly Peak (505),,1979-October,39.65,-105.87,11139,Summit,North Fork Snake River (140100020201),
SNTL,CO,Hayden Pass (1102),,2007-August,38.29,-105.85,10699,Saguache,Piney Creek-San Luis Creek (130100030301),
SNTL,CO,High Lonesome (1187),,2011-July,40.04,-105.75,10638,Grand,Meadows Creek-Ranch Creek (140100010205),
SNTL,CO,Hoosier Pass (531),,1979-October,39.36,-106.06,11611,Summit,Headwaters Middle Fork South Platte River (101900010102),
SNTL,CO,Hourglass Lake (1122),,2008-October,40.58,-105.63,9417,Larimer,Beaver Creek (101900070101),
SNTL,CO,Idarado (538),,1979-October,37.93,-107.68,9812,Ouray,Red Mountain Creek (140200060201),
SNTL,CO,Independence Pass (542),,1979-October,39.08,-106.61,10598,Pitkin,Lincoln Creek (140100040101),
SNTL,CO,Ivanhoe (547),,1991-October,39.29,-106.55,10541,Pitkin,Headwaters Fryingpan River (140100040501),
SNTL,CO,Jackwhacker Gulch (935),,1998-August,39.57,-105.8,11054,Clear Creek,Geneva Creek (101900020201),
SNTL,CO,Joe Wright (551),,1978-October,40.53,-105.89,10158,Larimer,Joe Wright Creek (101900070204),
SNTL,CO,Jones Pass (970),,1999-September,39.76,-105.91,10426,Grand,Headwaters Williams Fork (140100010402),
SNTL,CO,Kiln (556),,1979-October,39.32,-106.62,9624,Pitkin,Deeds Creek-Fryingpan River (140100040504),
SNTL,CO,Lake Eldora (564),,1978-October,39.94,-105.59,9728,Boulder,Middle Boulder Creek (101900050402),
SNTL,CO,Lake Irene (565),,1978-October,40.41,-105.82,10682,Grand,Headwaters Colorado River (140100010302),
SNTL,CO,Lily Pond (580),,1979-October,37.38,-106.55,11069,Conejos,Headwaters Alamosa River (130100020302),
SNTL,CO,Lizard Head Pass (586),,1979-October,37.8,-107.92,10193,Dolores,Headwaters Dolores River (140300020201),
SNTL,CO,Lone Cone (589),,1979-October,37.89,-108.2,9755,San Miguel,Headwaters Beaver Creek (140300030302),
SNTL,CO,Long Draw Resv (1123),,2008-October,40.51,-105.77,10008,Larimer,La Poudre Pass Creek (101900070203),
SNTL,CO,Lost Dog (940),,1998-August,40.82,-106.75,9327,Routt,Outlet North Fork Elk River (140500010203),
SNTL,CO,Loveland Basin (602),,1991-October,39.67,-105.9,11427,Clear Creek,Headwaters Clear Creek (101900040102),
SNTL,CO,Lynx Pass (607),,1979-October,40.08,-106.67,8919,Routt,Headwaters Rock Creek (140100011001),
SNTL,CO,Mancos (905),,1994-August,37.43,-108.17,10044,Montezuma,West Mancos River (140801070102),
SNTL,CO,Mc Clure Pass (618),,1979-October,39.13,-107.29,8774,Gunnison,Lee Creek (140200040203),
SNTL,CO,Mccoy Park (1040),,2002-October,39.6,-106.54,9516,Eagle,June Creek-Eagle River (140100030302),
SNTL,CO,Medano Pass (914),,1995-October,37.85,-105.44,9668,Saguache,Medano Creek (130100030604),
SNTL,CO,Mesa Lakes (622),,1985-October,39.06,-108.06,10168,Mesa,Coon Creek (140100051307),
SNTL,CO,Michigan Creek (937),,1998-August,39.44,-105.91,10702,Park,Michigan Creek (101900010404),
SNTL,CO,Middle Creek (624),,1979-October,37.62,-107.04,11269,Mineral,Headwaters Red Mountain Creek (130100010501),
SNTL,CO,Middle Fork Camp (1014),,2001-September,39.8,-106.03,8969,Grand,Headwaters Williams Fork (140100010402),
SNTL,CO,Mineral Creek (629),,1978-October,37.85,-107.73,10046,San Juan,Mineral Creek (140801040103),
SNTL,CO,Molas Lake (632),,1985-October,37.75,-107.69,10631,San Juan,Tenmile Creek-Animas River (140801040302),
SNTL,CO,Moon Pass (1124),,2008-October,37.97,-106.56,11128,Saguache,California Gulch (130100040201),
SNTL,CO,Nast Lake (658),,1985-October,39.3,-106.61,8731,Pitkin,Deeds Creek-Fryingpan River (140100040504),
SNTL,CO,Never Summer (1031),,2002-September,40.4,-105.96,10323,Jackson,Jack Creek (101800010401),
SNTL,CO,Niwot (663),,1979-October,40.04,-105.55,9979,Boulder,North Boulder Creek (101900050401),
SNTL,CO,North Lost Trail (669),,1984-October,39.08,-107.14,9219,Gunnison,Yule Creek-Crystal River (140100040703),
SNTL,CO,Overland Res. (675),,1988-October,39.09,-107.64,9893,Delta,Cow Creek (140200040101),
SNTL,CO,Park Cone (680),,1979-October,38.82,-106.59,9621,Gunnison,Lower Taylor River (140200010107),
SNTL,CO,Park Reservoir (682),,1978-October,39.04,-107.88,9987,Delta,Surface Creek (140200050111),
SNTL,CO,Phantom Valley (688),,1979-October,40.4,-105.85,9045,Grand,Headwaters Colorado River (140100010302),
SNTL,CO,Porphyry Creek (701),,1978-October,38.49,-106.34,10788,Gunnison,Porphyry Creek-Tomichi Creek (140200030105),
SNTL,CO,Rabbit Ears (709),,1985-October,40.37,-106.74,9411,Routt,Harrison Creek (140500010402),
SNTL,CO,Rat Creek (1324),,2024-August,37.94,-106.98,11680,Mineral,Outlet Miners Creek (130100010602),
SNTL,CO,Rawah (1032),,2002-September,40.71,-106.01,9069,Jackson,East Sand Creek-Canadian River (101800010603),
SNTL,CO,Red Mountain Pass (713),,1979-October,37.89,-107.71,11080,San Juan,Mineral Creek (140801040103),
SNTL,CO,Ripple Creek (717),,1985-October,40.11,-107.29,10350,Rio Blanco,Snell Creek-North Fork White River (140500050102),
SNTL,CO,Roach (718),,1979-October,40.87,-106.05,9740,Larimer,La Garde Creek (101800100106),
SNTL,CO,Rough And Tumble (939),,1998-August,39.03,-106.08,10432,Park,Headwaters South Fork South Platte River (101900010202),
SNTL,CO,Saint Elmo (1100),,2007-August,38.7,-106.37,10450,Chaffee,Headwaters Chalk Creek (110200010501),
SNTL,CO,Sargents Mesa (1128),,2008-October,38.29,-106.37,11499,Saguache,Middle Creek (130100040306),
SNTL,CO,Sawtooth (1251),,2014-September,40.14,-105.58,9676,Boulder,Middle Saint Vrain Creek (101900050102),
SNTL,CO,Schofield Pass (737),,1984-October,39.01,-107.05,10653,Gunnison,South Fork Crystal River (140100040701),
SNTL,CO,Scotch Creek (739),,1985-October,37.65,-108.01,9195,Dolores,Scotch Creek-Dolores River (140300020204),
SNTL,CO,Sharkstooth (1060),,2004-October,37.5,-108.11,10747,Montezuma,Little Bear Creek-Bear Creek (140300020206),
SNTL,CO,Slumgullion (762),,1979-October,37.99,-107.2,11560,Hinsdale,Headwaters Cebolla Creek (140200020502),
SNTL,CO,South Colony (773),,1990-October,37.97,-105.54,10868,Custer,North Colony Creek-Grape Creek (110200011206),
SNTL,CO,Spud Mountain (780),,1985-October,37.7,-107.78,10674,San Juan,Lime Creek (140801040202),
SNTL,CO,Stillwater Creek (793),,1985-October,40.23,-105.92,8880,Grand,Stillwater Creek (140100010306),
SNTL,CO,Stump Lakes (797),,1985-October,37.48,-107.63,11248,La Plata,Virginia Gulch-Florida River (140801040702),
SNTL,CO,Summit Ranch (802),,1979-October,39.72,-106.16,9371,Summit,Rock Creek-Blue River (140100020502),
SNTL,CO,Tower (825),,1978-October,40.54,-106.68,10620,Routt,Fish Creek (140500010407),
SNTL,CO,Trapper Lake (827),,1985-October,40,-107.24,9759,Garfield,Headwaters North Fork White River (140500050101),
SNTL,CO,Trinchera (829),,1988-October,37.35,-105.23,10922,Costilla,North Fork Trinchera Creek (130100020601),
SNTL,CO,University Camp (838),,1978-October,40.03,-105.58,10360,Boulder,North Boulder Creek (101900050401),
SNTL,CO,Upper Rio Grande (839),,1985-October,37.72,-107.26,9379,Hinsdale,Rio Grande Reservoir-Rio Grande (130100010106),
SNTL,CO,Upper San Juan (840),,1978-October,37.49,-106.84,10140,Mineral,Wolf Creek (140801010203),
SNTL,CO,Upper Taylor (1141),,2009-August,38.99,-106.75,10717,Gunnison,Headwaters Taylor River (140200010101),
SNTL,CO,Ute Creek (1005),,2000-August,37.61,-105.37,10734,Costilla,East Fork Ute Creek (130100020604),
SNTL,CO,Vail Mountain (842),,1978-October,39.62,-106.38,10310,Eagle,Middle Gore Creek (140100030102),
SNTL,CO,Vallecito (843),,1985-October,37.49,-107.51,10782,La Plata,Indian Creek-Los Pinos River (140801011105),
SNTL,CO,Wager Gulch (1188),,2011-July,37.88,-107.36,11132,Hinsdale,Lake San Cristobal-Lake Fork (140200020602),
SNTL,CO,Weminuche Creek (1160),,2010-October,37.52,-107.32,10749,Hinsdale,Sand Creek (140801020203),
SNTL,CO,Whiskey Ck (857),,1979-October,37.21,-105.12,10290,Las Animas,North Fork Purgatoire River (110200100102),
SNTL,CO,Wild Basin (1042),,2002-December,40.2,-105.6,9439,Boulder,Headwaters North Saint Vrain Creek (101900050202),
SNTL,CO,Willow Creek Pass (869),,1978-October,40.35,-106.1,9523,Grand,Upper Willow Creek (140100010102),
SNTL,CO,Willow Park (870),,1979-October,40.43,-105.74,10732,Larimer,Fall River (101900060204),
SNTL,CO,Wolf Creek Summit (874),,1985-October,37.48,-106.8,10957,Mineral,Wolf Creek (140801010203),
SNTL,CO,Zirkel (1033),,2002-August,40.79,-106.6,9338,Jackson,Middle North Fork North Platte River (101800010202),
SNTL,ID,Atlanta Summit (306),,1978-October,43.76,-115.24,7580,Elmore,Bald Mountain Creek-Middle Fork Boise River (170501110204),
SNTL,ID,Banner Summit (312),,1979-October,44.3,-115.23,7040,Boise,Canyon Creek (170501200202),
SNTL,ID,Bear Basin (319),,1979-October,44.95,-116.14,5350,Adams,Little Goose Creek-Goose Creek (170602100104),
SNTL,ID,Bear Canyon (320),,1979-October,43.74,-113.94,7900,Custer,Upper Star Hope Creek (170402180101),
SNTL,ID,Bear Mountain (323),,1979-October,48.31,-116.07,5400,Bonner,Middle Lightning Creek (170102131202),
SNTL,ID,Bear Saddle (324),,1979-October,44.61,-116.98,6180,Washington,Upper Mann Creek (170501241001),
SNTL,ID,Big Creek Summit (338),,1979-October,44.63,-115.8,6560,Valley,Curtis Creek (170602080402),
SNTL,ID,Bogus Basin (978),,1999-September,43.76,-116.1,6340,Boise,Cottonwood Creek-Shafer Creek (170501220201),
SNTL,ID,Bostetter R.S. (359),,1979-October,42.16,-114.19,7500,Cassia,Upper Big Cottonwood Creek (170402120201),
SNTL,ID,Brundage Reservoir (370),,1985-October,45.04,-116.13,6250,Adams,Little Goose Creek-Goose Creek (170602100104),
SNTL,ID,Camas Creek Divide (382),,1991-October,43.27,-115.35,5710,Elmore,Sheep Creek-Camas Creek (170402200101),
SNTL,ID,Chocolate Gulch (895),,1992-October,43.77,-114.42,6310,Blaine,Eagle Creek-Big Wood River (170402190301),
SNTL,ID,Cool Creek (411),,1983-October,46.76,-115.3,6280,Clearwater,Cold Springs Creek-North Fork Clearwater River (170603070702),
SNTL,ID,Couch Summit (1306),,2021-October,43.52,-114.8,6800,Camas,Lower Little Smoky Creek (170501130204),
SNTL,ID,Cozy Cove (423),,1978-October,44.29,-115.66,5400,Valley,Deadwood Reservoir-Deadwood River (170501200403),
SNTL,ID,Crab Creek (424),,1979-October,44.44,-111.99,6900,Clark,Upper Camas Creek (170402140108),
SNTL,ID,Crater Meadows (425),,1983-October,46.56,-115.29,5960,Clearwater,Middle Weitas Creek (170603070502),
SNTL,ID,Deadwood Summit (439),,1978-October,44.55,-115.56,6860,Valley,Stratton Creek-Deadwood River (170501200401),
SNTL,ID,Dollarhide Summit (450),,1979-October,43.6,-114.67,8420,Blaine,Placer Creek-Warm Springs Creek (170402190201),
SNTL,ID,Elk Butte (466),,1982-October,46.84,-116.12,5690,Clearwater,Upper Elk Creek (170603080701),
SNTL,ID,Emigrant Summit (471),,1979-October,42.36,-111.56,7390,Bear Lake,Williams Creek (160102020206),
SNTL,ID,Fish Ck (1305),,2021-September,43.56,-113.72,6330,Blaine,Upper Fish Creek (170402210401),
SNTL,ID,Franklin Basin (484),,1978-October,42.05,-111.6,8140,Franklin,Upper Cub River (160102020501),
SNTL,ID,Galena (489),,1979-October,43.88,-114.67,7470,Blaine,Headwaters Big Wood River (170402190101),
SNTL,ID,Galena Summit (490),,1978-October,43.87,-114.71,8780,Blaine,Headwaters Big Wood River (170402190101),
SNTL,ID,Garfield R.S. (492),,1979-October,43.61,-113.93,6560,Blaine,Upper Muldoon Creek (170402210301),
SNTL,ID,Giveout (493),,1979-October,42.41,-111.17,6930,Bear Lake,Upper Montpelier Creek (160102010401),
SNTL,ID,Graham Guard Sta. (496),,1978-October,43.95,-115.27,5690,Elmore,Big Silver Creek-North Fork Boise River (170501110303),
SNTL,ID,Hemlock Butte (520),,1982-October,46.48,-115.63,5810,Clearwater,French Creek (170603070601),
SNTL,ID,Hidden Lake (988),,2000-September,48.89,-116.76,5040,Boundary,Cow Creek (170101040502),
SNTL,ID,Hilts Creek (524),,1979-October,44.02,-113.47,8000,Custer,Upper Wet Creek (170402170401),
SNTL,ID,Howell Canyon (534),,1978-October,42.32,-113.62,7980,Cassia,Howell Creek (170402090602),
SNTL,ID,Humboldt Gulch (535),,1978-October,47.53,-115.78,4250,Shoshone,Canyon Creek-South Fork Coeur d'Alene River (170103020102),
SNTL,ID,Hyndman (537),,1979-October,43.71,-114.16,7620,Blaine,Hyndman Creek (170402190402),
SNTL,ID,Island Park (546),,1979-October,44.42,-111.39,6290,Fremont,Buffalo River (170402020601),
SNTL,ID,Jackson Peak (550),,1979-October,44.05,-115.44,7070,Boise,Fivemile Creek-South Fork Payette River (170501200304),
SNTL,ID,Lolo Pass (588),,1982-October,46.63,-114.58,5240,Idaho,West Fork Lolo Creek (170102051401),
SNTL,ID,Long Valley (1016),,2001-October,44.79,-116.09,4890,Valley,Lake Fork (170501230206),
SNTL,ID,Lookout (594),,1978-October,47.46,-115.7,5190,Shoshone,Little North Fork South Fork Coeur d'Alene River-South Fork Coeur d'Alene River (170103020101),
SNTL,ID,Lost Lake (600),,1979-October,47.08,-115.96,6110,Shoshone,Lost Lake-Little North Fork Clearwater River (170603080101),
SNTL,ID,Lost-Wood Divide (601),,1979-October,43.82,-114.26,7900,Blaine,Trail Creek (170402190304),
SNTL,ID,Magic Mountain (610),,1979-October,42.18,-114.29,6880,Twin Falls,Third Fork Rock Creek (170402120601),
SNTL,ID,Meadow Lake (620),,1979-October,44.44,-113.32,9150,Lemhi,Upper Texas Creek (170602040101),
SNTL,ID,Mica Creek (623),,1989-October,47.15,-116.27,4510,Shoshone,Mica Creek (170103040604),
SNTL,ID,Mill Creek Summit (627),,1978-October,44.47,-114.49,8800,Custer,Upper Yankee Fork (170602010501),
SNTL,ID,Moonshine (636),,1979-October,44.41,-113.4,7440,Lemhi,Upper Sawmill Creek (170402170201),
SNTL,ID,Moose Creek (638),,1979-October,45.67,-113.95,6200,Lemhi,Upper North Fork Salmon River (170602030601),
SNTL,ID,Mores Creek Summit (637),,1978-September,43.93,-115.67,6100,Boise,Middle Crooked River (170501110503),
SNTL,ID,Morgan Creek (639),,1979-October,44.84,-114.27,7600,Lemhi,Headwaters Panther Creek (170602030901),
SNTL,ID,Moscow Mountain (989),,2000-October,46.81,-116.85,4700,Latah,Little Bear Creek (170603061002),
SNTL,ID,Mosquito Ridge (645),,1978-October,48.06,-116.23,5260,Shoshone,Spruce Creek-North Fork Coeur d'Alene River (170103010101),
SNTL,ID,Mountain Meadows (650),,1979-October,45.7,-115.23,6320,Idaho,Headwaters Meadow Creek (170603020301),
SNTL,ID,Mud Flat (654),,1979-October,42.6,-116.56,5730,Owyhee,Upper Pole Creek (170501041401),
SNTL,ID,Myrtle Creek (1053),,2003-October,48.72,-116.46,3520,Boundary,Myrtle Creek (170101040701),
SNTL,ID,Oxford Spring (677),,1979-October,42.26,-112.13,6740,Oneida,Lower Deep Creek (160102040206),
SNTL,ID,Pebble Creek (1299),,2021-June,42.77,-112.11,6513,Caribou,Pebble Creek (170402080206),
SNTL,ID,Pierce R.S. (1142),,2009-September,46.5,-115.8,3080,Clearwater,Upper Orofino Creek (170603060401),
SNTL,ID,Pine Creek Pass (695),,1988-October,43.57,-111.21,6720,Teton,Warm Creek (170402040101),
SNTL,ID,Prairie (704),,1979-October,43.51,-115.57,4800,Elmore,Lower Smith Creek (170501131103),
SNTL,ID,Puhi Flat (782),,1979-October,44.77,-116.25,6240,Adams,Granite Creek-Middle Fork Weiser River (170501240401),
SNTL,ID,Ragged Mountain (1081),,2006-August,47.86,-117.04,4210,Kootenai,Rathdrum Creek (170103050302),
SNTL,ID,Reynolds Creek (2029),,1999-August,43.29,-116.84,5600,Owyhee,Lower Reynolds Creek (170501030604),
SNTL,ID,Savage Pass (735),,1982-October,46.47,-114.63,6190,Idaho,Lower Colt Killed Creek (170603030208),
SNTL,ID,Schwartz Lake (915),,1995-September,44.85,-113.84,8630,Lemhi,Basin Creek (170602040604),
SNTL,ID,Schweitzer Basin (738),,1979-October,48.37,-116.64,6090,Bonner,Middle Fork East River-East River (170102150502),
SNTL,ID,Secesh Summit (740),,1979-October,45.19,-115.97,6540,Valley,Headwaters North Fork Payette River (170501230101),
SNTL,ID,Sedgwick Peak (741),,1988-October,42.52,-111.96,7850,Bannock,Dempsey Creek (170402080209),
SNTL,ID,Shanghi Summit (747),,1982-October,46.57,-115.74,4600,Clearwater,Quartz Creek (170603060402),
SNTL,ID,Sheep Mtn. (749),,1978-October,43.21,-111.69,6650,Bingham,Horse Creek-Willow Creek (170402050304),
SNTL,ID,Sherwin (752),,1979-October,46.95,-116.34,3200,Latah,West Fork Saint Maries River (170103040703),
SNTL,ID,Slug Creek Divide (761),,1978-October,42.56,-111.3,7225,Caribou,Headwaters Slug Creek (170402070201),
SNTL,ID,Smiley Mountain (926),,2001-September,43.73,-113.83,9520,Custer,Lower Star Hope Creek (170402180102),
SNTL,ID,Soldier R.S. (769),,1985-October,43.48,-114.83,5740,Camas,Upper Soldier Creek (170402200303),
SNTL,ID,Somsen Ranch (770),,1978-October,42.95,-111.36,6800,Caribou,Upper Lanes Creek (170402070101),
SNTL,ID,South Mtn. (774),,1978-October,42.76,-116.9,6500,Owyhee,Deer Creek-Big Boulder Creek (170501080205),
SNTL,ID,Stickney Mill (792),,1979-October,43.86,-114.21,7430,Custer,Summit Creek (170402180303),
SNTL,ID,Sunset (803),,1978-October,47.56,-115.82,5540,Shoshone,Canyon Creek-South Fork Coeur d'Alene River (170103020102),
SNTL,ID,Swede Peak (805),,1978-October,43.63,-113.97,7640,Blaine,Upper Muldoon Creek (170402210301),
SNTL,ID,Trinity Mtn. (830),,1978-October,43.63,-115.44,7770,Elmore,Roaring River (170501110703),
SNTL,ID,Van Wyck (979),,2000-October,44.38,-116.34,4920,Washington,Lower North Crane Creek (170501240902),
SNTL,ID,Vienna Mine (845),,1978-October,43.8,-114.85,8960,Blaine,Smiley Creek (170602010201),
SNTL,ID,West Branch (855),,1979-October,45.07,-116.45,5560,Adams,Upper Weiser River (170501240201),
SNTL,ID,White Elephant (860),,1979-October,44.53,-111.41,7710,Fremont,Coffee Pot Creek-Henrys Fork (170402020305),
SNTL,ID,Wildhorse Divide (867),,1979-October,42.76,-112.48,6490,Bannock,Mink Creek (170402080504),
SNTL,ID,Wilson Creek (871),,1989-October,42.01,-115,7120,Twin Falls,Upper Wilson Creek (170402130202),
SNTL,MT,Albro Lake (916),,1996-September,45.6,-111.96,8300,Madison,South Willow Creek (100200050701),
SNTL,MT,Badger Pass (307),,1968-October,48.13,-113.02,6900,Pondera,North Badger Creek (100302010201),
SNTL,MT,Banfield Mountain (311),,1968-October,48.57,-115.45,5600,Lincoln,Bristow Creek (170101011202),
SNTL,MT,Barker Lakes (313),,1977-August,46.1,-113.13,8250,Deer Lodge,Town of West Valley-Warm Springs Creek (170102010304),
SNTL,MT,Basin Creek (315),,1976-October,45.8,-112.52,7180,Silver Bow,Basin Creek (170102010201),
SNTL,MT,Bassoo Peak (1190),,2011-October,47.86,-114.76,5150,Sanders,Mill Creek (170102120105),
SNTL,MT,Beagle Springs (318),,1976-October,44.47,-112.98,8850,Beaverhead,Upper Nicholia Creek (100200010501),
SNTL,MT,Beaver Creek (328),,1966-October,44.95,-111.36,7850,Gallatin,Upper Beaver Creek (100200070402),
SNTL,MT,Bisson Creek (346),,1988-October,47.68,-114,4920,Lake,Mud Creek (170102120602),
SNTL,MT,Black Bear (347),,1967-October,44.51,-111.13,8170,Gallatin,Upper South Fork Madison River (100200070202),
SNTL,MT,Black Pine (349),,1965-October,46.41,-113.43,7210,Granite,Marshall Creek (170102020203),
SNTL,MT,Blacktail Mtn (1144),,2010-August,47.98,-114.35,5650,Flathead,Stoner Creek (170102080302),
SNTL,MT,Bloody Dick (355),,1976-October,45.17,-113.5,7600,Beaverhead,Upper Bloody Dick Creek (100200011002),
SNTL,MT,Boulder Mountain (360),,1976-October,46.56,-111.29,7950,Meagher,Upper Camas Creek (100301030501),
SNTL,MT,Box Canyon (363),,1976-October,45.27,-110.25,6670,Park,Headwaters Boulder River (100700020902),
SNTL,MT,Brackett Creek (365),,1992-August,45.89,-110.94,7320,Gallatin,Upper Brackett Creek (100700030403),
SNTL,MT,Burnt Mtn (981),,2000-September,45.24,-109.46,5880,Carbon,West Red Lodge Creek (100700060802),
SNTL,MT,Calvert Creek (381),,1974-October,45.88,-113.33,6430,Deer Lodge,Fishtrap Creek (100200040801),
SNTL,MT,Carrot Basin (385),,1966-October,44.96,-111.29,9000,Gallatin,Sage Creek (100200080105),
SNTL,MT,Chicago Ridge (1312),,2022-August,48.06,-115.7,5800,Sanders,Rock Creek (170102131301),
SNTL,MT,Clover Meadow (403),,1971-October,45.02,-111.85,8600,Madison,Ruby Creek (100200070803),
SNTL,MT,Cole Creek (407),,1960-October,45.19,-109.35,7850,Carbon,East Red Lodge Creek (100700060801),
SNTL,MT,Combination (410),,1965-October,46.47,-113.39,5600,Granite,Upper South Fork Lower Middle Creek (170102020401),
SNTL,MT,Copper Bottom (413),,1978-October,47.06,-112.6,5200,Lewis And Clark,Copper Creek (170102030103),
SNTL,MT,Copper Camp (414),,1978-October,47.08,-112.73,6950,Lewis And Clark,Copper Creek (170102030103),
SNTL,MT,Crystal Lake (427),,1967-September,46.79,-109.51,6050,Fergus,Big Rock Creek (100401030204),
SNTL,MT,Daisy Peak (919),,1977-September,46.67,-110.33,7600,Meagher,Alkali Creek-Mud Creek (100402010106),
SNTL,MT,Daly Creek (433),,1966-October,46.18,-113.85,5780,Ravalli,Daly Creek (170102050901),
SNTL,MT,Darkhorse Lake (436),,1977-August,45.17,-113.58,8945,Beaverhead,Headwaters Big Hole River (100200040301),
SNTL,MT,Deadman Creek (437),,1966-October,46.79,-110.68,6450,Meagher,Headwaters Sheep Creek (100301030401),
SNTL,MT,Divide (448),,1971-January,44.79,-112.06,7800,Madison,Headwaters Ruby River (100200030102),
SNTL,MT,Dupuyer Creek (458),,1982-October,48.06,-112.76,5750,Teton,Upper Dupuyer Creek (100302010501),
SNTL,MT,East Boulder Mine (1105),,2008-June,45.5,-110.08,6335,Sweet Grass,Headwaters East Boulder River (100700020701),
SNTL,MT,Elk Peak Alt (1316),,2023-July,46.48,-110.72,7801,Meagher,Fourmile Creek (100301030104),
SNTL,MT,Emery Creek (469),,1975-October,48.43,-113.94,4350,Flathead,Emery Creek (170102090703),
SNTL,MT,Fisher Creek (480),,1966-October,45.06,-109.94,9100,Park,Broadwater River-Clarks Fork Yellowstone River (100700060202),
SNTL,MT,Flattop Mtn. (482),,1969-October,48.8,-113.86,6300,Flathead,Headwaters McDonald Creek (170102070501),
SNTL,MT,Frohner Meadow (487),,1967-October,46.44,-112.19,6480,Jefferson,Lump Gulch (100301011305),
SNTL,MT,Garver Creek (918),,1968-October,48.98,-115.82,4250,Lincoln,Upper West Fork Yaak River (170101030202),
SNTL,MT,Grave Creek (500),,1968-October,48.91,-114.77,4300,Flathead,Upper Grave Creek (170101010801),
SNTL,MT,Hand Creek (510),,1976-October,48.31,-114.84,5035,Flathead,Lowere Griffin Creek (170102100304),
SNTL,MT,Hawkins Lake (516),,1968-October,48.97,-115.95,6450,Lincoln,South Fork Hawkins Creek-Hawkins Creek (170101050201),
SNTL,MT,Hoodoo Basin (530),,1966-October,46.98,-115.03,6050,Mineral,Upper Trout Creek (170102040607),
SNTL,MT,JL Meadow (1287),,2017-October,44.78,-113.12,8800,Beaverhead,Dad Creek-Medicine Lodge Creek (100200011202),
SNTL,MT,Kraft Creek (562),,1979-October,47.43,-113.78,4750,Missoula,Kraft Creek (170102110104),
SNTL,MT,Lakeview Ridge (568),,1960-October,44.59,-111.82,7400,Beaverhead,Odell Creek (100200010105),
SNTL,MT,Lemhi Ridge (576),,1971-January,44.99,-113.44,8100,Beaverhead,Trail Creek (100200011106),
SNTL,MT,Lick Creek (578),,1963-October,45.5,-110.97,6860,Gallatin,Upper Hyalite Creek (100200081001),
SNTL,MT,Lone Mountain (590),,1988-October,45.27,-111.43,8880,Madison,South Fork West Fork Gallatin River (100200080201),
SNTL,MT,Lower Twin (603),,1976-October,45.51,-111.92,7900,Madison,Upper North Meadow Creek (100200071101),
SNTL,MT,Lubrecht Flume (604),,1970-October,46.88,-113.32,4680,Missoula,Upper Elk Creek (170102031204),
SNTL,MT,Madison Plateau (609),,1967-October,44.59,-111.12,7750,Gallatin,Lower South Fork Madison River (100200070204),
SNTL,MT,Many Glacier (613),,1976-October,48.8,-113.67,4900,Glacier,Swiftcurrent Lake (090400010201),
SNTL,MT,Mill Creek (1322),,2024-July,45.26,-110.41,7510,Park,Upper Mill Creek (100700020302),
SNTL,MT,Monument Peak (635),,1976-October,45.22,-110.24,8850,Park,Headwaters Boulder River (100700020902),
SNTL,MT,Moss Peak (646),,1961-April,47.68,-113.96,6780,Lake,Town of Polson-Frontal Flathead Lake (170102080404),
SNTL,MT,Mount Lockhart (649),,1968-October,47.92,-112.82,6400,Teton,Middle North Fork Teton River (100302050102),
SNTL,MT,Mule Creek (656),,1977-October,45.41,-112.96,8300,Beaverhead,Birch Creek (100200041303),
SNTL,MT,N Fk Elk Creek (657),,1967-October,46.87,-113.28,6250,Powell,Upper Elk Creek (170102031204),
SNTL,MT,Nevada Ridge (903),,1977-October,46.84,-112.51,7020,Lewis And Clark,Poorman Creek (170102030302),
SNTL,MT,Nez Perce Camp (662),,1967-October,45.73,-114.48,5650,Ravalli,Nez Pierce Fork (170102050204),
SNTL,MT,Noisy Basin (664),,1961-April,48.16,-113.95,6040,Flathead,Rose Creek-Frontal Flathead River (170102080208),
SNTL,MT,North Fork Jocko (667),,1961-April,47.27,-113.76,6330,Missoula,North Fork Jocko River (170102120702),
SNTL,MT,Northeast Entrance (670),,1937-October,45.01,-110.01,7350,Yellowstone National Park,Upper Soda Butte Creek (100700010602),
SNTL,MT,Onion Park (1008),,1992-October,46.91,-110.85,7410,Meagher,Upper Tenderfoot Creek (100301030801),
SNTL,MT,Peterson Meadows (930),,1965-October,46.13,-113.31,7200,Granite,Silver Lake (170102020101),
SNTL,MT,Pickfoot Creek (690),,1977-June,46.58,-111.27,6650,Meagher,Upper Camas Creek (100301030501),
SNTL,MT,Pike Creek (693),,1960-October,48.3,-113.33,5930,Pondera,Upper South Fork Two Medicine River (100302010103),
SNTL,MT,Placer Basin (696),,1976-October,45.42,-110.09,8830,Sweet Grass,Headwaters East Boulder River (100700020701),
SNTL,MT,Poorman Creek (932),,1968-October,48.13,-115.62,5100,Lincoln,Upper Libby Creek (170101011301),
SNTL,MT,Porcupine (700),,1975-October,46.11,-110.47,6500,Park,Porcupine Creek (100700030303),
SNTL,MT,Rocker Peak (722),,1967-October,46.36,-112.26,8000,Jefferson,Cataract Creek (100200060302),
SNTL,MT,Rocky Boy (917),,1967-October,48.17,-109.65,4700,Hill,Upper Beaver Creek (100500040101),
SNTL,MT,S Fork Shields (725),,1978-October,46.09,-110.43,8100,Park,Bennett Creek-Shields River (100700030301),
SNTL,MT,Sacajawea (929),,1999-September,45.87,-110.93,6550,Gallatin,Upper Brackett Creek (100700030403),
SNTL,MT,Saddle Mtn. (727),,1967-October,45.69,-113.97,7940,Beaverhead,Camp Creek (170102050502),
SNTL,MT,Short Creek (753),,1985-October,44.98,-111.95,7000,Madison,Lazyman Creek-Ruby River (100200030106),
SNTL,MT,Shower Falls (754),,1964-October,45.4,-110.96,8100,Gallatin,Upper Hyalite Creek (100200081001),
SNTL,MT,Skalkaho Summit (760),,1966-October,46.24,-113.77,7250,Granite,Middle West Fork Rock Creek (170102021003),
SNTL,MT,Slagamelt Lakes (1286),,2017-September,45.37,-113.72,8620,Beaverhead,Big Swamp Creek (100200040308),
SNTL,MT,Sleeping Woman (783),,1988-October,47.18,-114.33,6150,Sanders,East Fork Valley Creek (170102120708),
SNTL,MT,Spur Park (781),,1966-October,46.78,-110.62,8100,Judith Basin,Cleveland Creek (100401030301),
SNTL,MT,Stahl Peak (787),,1968-October,48.91,-114.86,6030,Lincoln,Upper Grave Creek (170101010801),
SNTL,MT,Stringer Creek (1009),,1992-October,46.93,-110.9,6550,Meagher,Upper Tenderfoot Creek (100301030801),
SNTL,MT,Stryker Basin (1311),,2023-September,48.68,-114.66,6194,Flathead,West Fork Swift Creek (170102100501),
SNTL,MT,Stuart Mountain (901),,1994-July,47,-113.93,7400,Missoula,Lower Rattlesnake Creek (170102040102),
SNTL,MT,Tepee Creek (813),,1971-October,44.79,-111.71,8000,Madison,Middle West Fork Madison River (100200070602),
SNTL,MT,Tizer Basin (893),,1987-October,46.35,-111.85,6880,Jefferson,Headwaters Crow Creek (100301010701),
SNTL,MT,Twelvemile Creek (835),,1967-October,46.14,-114.45,5600,Ravalli,Lost Horse Creek (170102050601),
SNTL,MT,Twin Lakes (836),,1967-October,46.14,-114.51,6400,Ravalli,Lost Horse Creek (170102050601),
SNTL,MT,Waldron (847),,1968-October,47.92,-112.79,5600,Teton,Middle North Fork Teton River (100302050102),
SNTL,MT,Warm Springs (850),,1977-July,46.27,-113.16,7800,Granite,Headwaters Warm Springs Creek (170102010302),
SNTL,MT,West Yellowstone (924),,1966-October,44.66,-111.09,6700,Gallatin,Madison Arm-Madison River (100200070205),
SNTL,MT,Whiskey Creek (858),,1967-October,44.61,-111.15,6800,Gallatin,Middle South Fork Madison River (100200070203),
SNTL,MT,White Mill (862),,1966-October,45.05,-109.91,8700,Park,Broadwater River-Clarks Fork Yellowstone River (100700060202),
SNTL,MT,Wood Creek (876),,1978-October,47.45,-112.81,5960,Lewis And Clark,Wood Creek-Straight Creek (100301040202),
SNTL,NM,Bateman (316),,1978-October,36.51,-106.32,9249,Rio Arriba,Montoya Canyon-Canjilon Creek (130201020901),
SNTL,NM,Chamita (394),,1978-October,36.96,-106.66,8383,Rio Arriba,Rio Chamita (130201020204),
SNTL,NM,Elk Cabin (921),,1996-October,35.71,-105.81,8239,Santa Fe,Headwaters Santa Fe River (130202010102),
SNTL,NM,Frisco Divide (486),,1971-October,33.74,-108.94,8013,Catron,Stone Creek-San Francisco River (150400040303),
SNTL,NM,Gallegos Peak (491),,1979-October,36.19,-105.56,9480,Taos,Headwaters Rio Grande del Rancho (130201010502),
SNTL,NM,Garita Peak (1173),,2016-September,36,-106.55,10115,Rio Arriba,Headwaters San Antonio Creek (130202020201),
SNTL,NM,Hopewell (532),,1978-October,36.72,-106.26,10095,Rio Arriba,Jaroso Creek-Rio Vallecitos (130201021401),
SNTL,NM,Lookout Mountain (595),,1978-October,33.36,-107.83,8509,Sierra,Taylor Creek (150400010402),
SNTL,NM,Mcknight Cabin (1048),,2003-September,33.01,-107.87,9242,Grant,Sheppard Canyon-Mimbres River (130302020103),
SNTL,NM,Navajo Whiskey Ck (1138),,2009-May,36.18,-108.95,9064,San Juan,Whiskey Creek (140802040206),
SNTL,NM,North Costilla (665),,1978-October,36.99,-105.26,10598,Taos,Casias Creek-Costillo Creek (130201010101),
SNTL,NM,Palo (1170),,2010-August,36.41,-105.33,9343,Taos,Headwaters Rio Fernando de Taos (130201010601),
SNTL,NM,Quemazon (708),,1979-October,35.92,-106.39,9507,Los Alamos,Los Alamos Canyon (130201011303),
SNTL,NM,Red River Pass #2 (715),,1978-October,36.7,-105.34,9855,Taos,Upper Red River (130201010301),
SNTL,NM,Rice Park (933),,1998-August,35.24,-108.27,8497,Cibola,Sawyer Creek (130202070203),
SNTL,NM,Rio Santa Barbara (1254),,2013-September,36.07,-105.63,10664,Taos,Rio Santa Barbara (130201010905),
SNTL,NM,San Antonio Sink (1172),,2011-July,36.86,-106.23,9143,Rio Arriba,Canada Tio Grande-Rio San Antonio (130100050301),
SNTL,NM,Santa Fe (922),,1996-October,35.77,-105.78,11465,Santa Fe,Headwaters Santa Fe River (130202010102),
SNTL,NM,Senorita Divide #2 (744),,1979-October,36,-106.83,8569,Rio Arriba,Headwaters Rio de las Vacas (130202020102),
SNTL,NM,Shuree (1169),,2010-August,36.79,-105.24,10092,Taos,Comanche Creek (130201010102),
SNTL,NM,Sierra Blanca (1034),,2002-September,33.41,-105.79,10268,Lincoln,Upper Rio Ruidoso (130600080103),
SNTL,NM,Signal Peak (755),,1978-October,32.92,-108.15,8405,Grant,Lake Roberts-Sapillo Creek (150400010803),
SNTL,NM,Silver Creek Divide (757),,1978-October,33.37,-108.71,9096,Catron,Mineral Creek (150400040605),
SNTL,NM,Taos Powderhorn (1168),,2010-August,36.58,-105.46,11045,Taos,Headwaters Rio Hondo (130201010701),
SNTL,NM,Taos Pueblo (1307),,2021-September,36.54,-105.36,11020,Colfax,La Junta Creek-Rio Pueblo de Taos (130201010602),
SNTL,NM,Tolby (934),,1998-August,36.47,-105.2,10220,Colfax,Clear Creek-Cimarron River (110800020107),
SNTL,NM,Tres Ritos (1083),,2006-September,36.13,-105.53,8755,Taos,Osha Canyon-Rio Pueblo (130201010903),
SNTL,NM,Vacas Locas (1017),,2001-October,36.03,-106.81,9364,Rio Arriba,Headwaters Rio de las Vacas (130202020102),
SNTL,NM,Wesner Springs (854),,1988-October,35.78,-105.54,11151,San Miguel,Canovas Canyon-Gallinas Creek (130600010802),
SNTL,NV,Bear Creek (321),,1976-March,41.83,-115.45,8040,Elko,West Fork Pine Creek-Jarbidge River (170501020301),
SNTL,NV,Berry Creek (334),,1980-October,39.32,-114.62,9377,White Pine,Berry Creek (160600081301),
SNTL,NV,Big Bend (336),,1978-October,41.76,-115.69,6898,Elko,Martin Creek (170501040104),
SNTL,NV,Big Creek Sum (337),,1980-October,39.29,-117.12,8685,Lander,Big Creek (160401070303),
SNTL,NV,Big Meadow (340),,1983-October,39.45,-119.94,8235,Washoe,Hunter Creek-Truckee River (160501020505),
SNTL,NV,Bird Creek (1155),,2011-October,39.46,-114.65,7537,White Pine,Timber Creek-Duck Creek (160600081304),
SNTL,NV,Bristlecone Trail (1111),,2008-October,36.32,-115.7,8890,Clark,Lee Canyon (150100150206),
SNTL,NV,Buckskin Lower (373),,1980-October,41.75,-117.53,6930,Humboldt,Cabin Creek-Martin Creek (160401090502),
SNTL,NV,Cave Mountain (1152),,2011-October,39.16,-114.61,10578,White Pine,Bastian Creek (160600080402),
SNTL,NV,Columbia Basin (1204),,2011-December,41.67,-116.07,6483,Elko,Columbia Creek (170501050503),
SNTL,NV,Corduroy Flat (1209),,2011-December,39,-115.42,8640,White Pine,Black Canyon Wash (160600121206),
SNTL,NV,Corral Canyon (417),,1978-October,40.28,-115.54,8445,Elko,Corral Creek (160401030401),
SNTL,NV,Defiance Mines (1210),,2011-December,39.09,-114.9,9302,White Pine,Cooper Wash-Willow Creek (160600081002),
SNTL,NV,Diamond Peak (443),,1983-October,39.56,-115.84,8017,Eureka,Slough Creek-Frontal Diamond Valley (160600051503),
SNTL,NV,Disaster Peak (445),,1980-October,41.97,-118.19,6260,Humboldt,Sage Creek (160402010201),
SNTL,NV,Dorsey Basin (453),,1978-October,40.89,-115.21,7903,Elko,Lower Secret Creek (160401010604),
SNTL,NV,Draw Creek (454),,1983-October,41.66,-115.32,7332,Elko,Headwaters T Creek (160401010403),
SNTL,NV,Dry Creek (1243),,2013-October,40.86,-115.22,6555,Elko,Upper Secret Creek (160401010601),
SNTL,NV,Fawn Creek (476),,1980-October,41.82,-116.1,7031,Elko,Fawn Creek-Owyhee River (170501040304),
SNTL,NV,Fry Canyon (1262),,2014-October,41.58,-115.94,6798,Elko,Headwaters North Fork Humboldt River (160401020101),
SNTL,NV,Golconda (1195),,2011-October,40.88,-117.59,6616,Humboldt,Pole Creek (160401080102),
SNTL,NV,Granite Peak (498),,1980-October,41.67,-117.57,8503,Humboldt,Indian Creek (160401090601),
SNTL,NV,Green Mountain (503),,1980-October,40.38,-115.53,8185,Elko,Corral Creek (160401030401),
SNTL,NV,Hole-in-Mountain (527),,1981-October,40.94,-115.1,8163,Elko,Winchell Creek-The Slough (160600071602),
SNTL,NV,Jack Creek Upper (548),,1978-October,41.55,-116.01,7377,Elko,Upper Harrington Creek (170501050201),
SNTL,NV,Jacks Peak (549),,1981-October,41.51,-116.01,8424,Elko,Upper Harrington Creek (170501050201),
SNTL,NV,Jakes Creek (1211),,2011-December,41.57,-115.03,7380,Elko,Upper Jakes Creek (170402130308),
SNTL,NV,Kalamazoo (1150),,2011-October,39.56,-114.63,7775,White Pine,Outlet Spring Valley Creek (160600080700),
SNTL,NV,Lamance Creek (569),,1980-October,41.52,-117.63,6395,Humboldt,Lamance Creek-Big Cottonwood Creek (160401090603),
SNTL,NV,Lamoille #3 (570),,1980-October,40.64,-115.38,8051,Elko,Thomas Creek-Lamoille Creek (160401010607),
SNTL,NV,Lamoille Upper (1310),,2022-August,40.6,-115.38,8990,Elko,Thomas Creek-Lamoille Creek (160401010607),
SNTL,NV,Laurel Draw (573),,1979-October,41.78,-116.03,6682,Elko,Trail Creek (170501040202),
SNTL,NV,Lee Canyon (1112),,2008-October,36.31,-115.68,8626,Clark,Lee Canyon (150100150206),
SNTL,NV,Lewis Peak (1006),,2000-October,40.36,-116.86,7370,Lander,Trout Creek (160401070903),
SNTL,NV,Little Valley (1242),,2013-October,39.25,-119.88,6493,Washoe,Franktown Creek-Frontal Washoe Lake (160501020301),
SNTL,NV,Marlette Lake (615),,1978-October,39.16,-119.9,7884,Carson City,Marlette Lake-Frontal Lake Tahoe (160501010201),
SNTL,NV,Merritt Mountain (1207),,2011-December,41.89,-115.86,6915,Elko,Merritt Creek-Sheep Creek (170501020601),
SNTL,NV,Midas (1206),,2011-December,41.27,-116.8,6630,Elko,Frazer Creek (160401060402),
SNTL,NV,Mt Rose Ski Area (652),,1980-October,39.32,-119.89,8801,Washoe,Browns Creek-Steamboat Creek (160501020304),
SNTL,NV,ONeil Creek (1272),,2018-June,41.86,-115.08,6520,Elko,Pole Creek (170402130106),
SNTL,NV,Pole Canyon (1244),,2013-October,40.86,-115.12,7760,Elko,Woods Creek-Franklin River (160600071101),
SNTL,NV,Pole Creek R.S. (698),,1977-February,41.87,-115.25,8360,Elko,Upper Big Flat Creek (170501021002),
SNTL,NV,Porter Canyon (2170),,2009-October,39.47,-117.62,7187,Lander,Porter Canyon-Porter Creek (160600020102),
SNTL,NV,Rainbow Canyon (1110),,2008-October,36.25,-115.63,7860,Clark,Kyle Canyon (150100150301),
SNTL,NV,Seventysix Creek (746),,1978-October,41.74,-115.47,7350,Elko,Annie Creek-Bruneau River (170501020108),
SNTL,NV,Sheldon (750),,1988-October,41.9,-119.44,5865,Washoe,Catnip Creek (171200080106),
SNTL,NV,Silver Creek Nv (1205),,2011-December,39.23,-114.24,8200,White Pine,Headwaters Silver Creek (160203010806),
SNTL,NV,Snowstorm Mtn (1208),,2011-December,41.34,-116.98,7403,Elko,First Creek-South Fork Little Humboldt River (160401090203),
SNTL,NV,Stag Mountain (1203),,2011-December,41.41,-115.45,7640,Elko,Stag Creek (170501020101),
SNTL,NV,Summit Lk (1194),,2011-October,41.49,-119,7615,Humboldt,Summit Lake (160402021301),
SNTL,NV,Taylor Canyon (811),,1980-October,41.23,-116.03,6325,Elko,Upper Taylors Canyon Creek (170501050105),
SNTL,NV,Tent Mtn Lower (1202),,2011-December,40.98,-115.17,7100,Elko,Starr Creek (160401010704),
SNTL,NV,Toe Jam (1136),,2009-October,41.32,-116.34,7690,Elko,Toe Jam Creek (160401060202),
SNTL,NV,Vacarro Springs (1137),,2011-October,39.45,-115.98,7890,Eureka,Slough Creek-Frontal Diamond Valley (160600051503),
SNTL,NV,Ward Mountain (849),,1980-October,39.13,-114.96,9163,White Pine,Holt Creek (150100110105),
SNTL,NV,Wheeler Peak (1147),,2010-October,39.01,-114.31,10060,White Pine,Lehman Creek (160203010801),
SNTL,NV,White River Nv (1213),,2011-December,38.95,-115.38,7367,White Pine,Saddle Spring-White River (150100110302),
SNTL,OR,Aneroid Lake #2 (302),,1980-October,45.21,-117.19,7400,Wallowa,West Fork Wallowa River (170601050101),
SNTL,OR,Annie Springs (1000),,2000-September,42.87,-122.17,6010,Klamath,Upper Annie Creek (180102030101),
SNTL,OR,Arbuckle Mtn (304),,1978-October,45.19,-119.25,5770,Morrow,Upper Fivemile Creek (170702020604),
SNTL,OR,Bear Grass (1166),,2011-July,44.33,-122.09,4720,Linn,Smith River (170900040203),
SNTL,OR,Beaver Reservoir (331),,1979-October,45.15,-118.22,5150,Union,Upper Beaver Creek (170601040301),
SNTL,OR,Big Red Mountain (341),,1979-October,42.05,-122.85,6050,Jackson,Upper Little Applegate River (171003090301),
SNTL,OR,Bigelow Camp (343),,1979-October,42.08,-123.34,5130,Josephine,Sturgis Fork (171003090105),
SNTL,OR,Billie Creek Divide (344),,1978-October,42.41,-122.27,5280,Klamath,Seldom Creek (180102030201),
SNTL,OR,Blazed Alder (351),,1979-October,45.43,-121.86,3650,Clackamas,Clear Creek-Sandy River (170800010102),
SNTL,OR,Blue Mountain Spring (357),,1978-October,44.25,-118.52,5870,Grant,Summit Creek (170501160104),
SNTL,OR,Bourne (361),,1978-October,44.83,-118.19,5850,Baker,Cracker Creek (170502030101),
SNTL,OR,Bowman Springs (362),,1978-October,45.36,-118.47,4530,Umatilla,Johnson Creek (170701030401),
SNTL,OR,Cascade Summit (388),,1979-October,43.59,-122.06,5100,Deschutes,Upper Salt Creek (170900010301),
SNTL,OR,Chemult Alternate (395),,1979-October,43.23,-121.81,4850,Klamath,Deer Creek (180102010201),
SNTL,OR,Clackamas Lake (398),,1979-October,45.1,-121.75,3400,Clackamas,Headwaters Oak Grove Fork Clackamas River (170900110301),
SNTL,OR,Clear Lake (401),,1979-October,45.19,-121.69,3810,Wasco,Clear Creek (170703060901),
SNTL,OR,Cold Springs Camp (406),,1979-October,42.53,-122.18,5940,Klamath,Upper Fourmile Creek (180102030202),
SNTL,OR,County Line (422),,1979-October,45.19,-118.55,4830,Umatilla,Middle Meadow Creek (170601040202),
SNTL,OR,Crazyman Flat (1010),,2001-September,42.64,-120.95,6180,Klamath,Paradise Creek (180102020101),
SNTL,OR,Daly Lake (434),,1978-October,44.52,-122.09,3690,Linn,Pyramid Creek (170900060101),
SNTL,OR,Derr. (440),,1979-October,44.45,-119.93,5850,Wheeler,Jackson Creek (170703040401),
SNTL,OR,Diamond Lake (442),,1979-October,43.19,-122.14,5280,Douglas,Lake Creek (171003010204),
SNTL,OR,Eilertson Meadows (464),,1979-October,44.87,-118.11,5510,Baker,Rock Creek (170502030404),
SNTL,OR,Emigrant Springs (470),,1979-October,45.56,-118.45,3800,Umatilla,Isquulktpe Creek (170701030501),
SNTL,OR,Fifteenmile (1314),,2022-September,45.35,-121.53,5970,Hood River,Dog River (170701050503),
SNTL,OR,Fish Creek (477),,1978-October,42.71,-118.63,7660,Harney,Fish Creek (171200030107),
SNTL,OR,Fish Lk. (479),,1979-October,42.38,-122.35,4660,Jackson,Upper North Fork Little Butte Creek (171003070801),
SNTL,OR,Fourmile Lake (483),,1978-October,42.44,-122.23,5970,Klamath,Upper Fourmile Creek (180102030202),
SNTL,OR,Gerber Reservoir (945),,1998-October,42.21,-121.13,4890,Klamath,Gerber Reservoir (180102040508),
SNTL,OR,Gold Center (494),,1979-October,44.76,-118.31,5410,Grant,Bull Run Creek (170702020202),
SNTL,OR,Greenpoint (504),,1978-October,45.62,-121.7,3310,Hood River,Lower West Fork Hood River (170701050603),
SNTL,OR,High Ridge (523),,1978-October,45.7,-118.11,4920,Umatilla,Buck Creek-South Fork Umatilla River (170701030103),
SNTL,OR,Hogg Pass (526),,1978-October,44.42,-121.86,4790,Linn,Parks Creek-Lost Lake (170900040201),
SNTL,OR,Holland Meadows (529),,1979-October,43.67,-122.57,4930,Lane,Layng Creek (170900020201),
SNTL,OR,Howard Prairie (1158),,2012-September,42.22,-122.37,4580,Jackson,Upper Jenny Creek (180102060401),
SNTL,OR,Irish Taylor (545),,1978-October,43.8,-121.95,5540,Deschutes,Deer Creek (170703010106),
SNTL,OR,Jump Off Joe (552),,1978-October,44.39,-122.17,3520,Linn,Sevenmile Creek-South Santiam River (170900060201),
SNTL,OR,King Mountain (558),,1979-October,42.72,-123.2,4340,Jackson,Whitehorse Creek-Cow Creek (171003020701),
SNTL,OR,Lake Creek R.S. (563),,1978-October,44.21,-118.64,5240,Grant,Lake Creek (170501160102),
SNTL,OR,Little Meadows (584),,1978-October,44.61,-122.23,4020,Linn,Headwaters Quartzville Creek (170900060301),
SNTL,OR,Lucky Strike (605),,1978-October,45.27,-118.85,4970,Umatilla,West Birch Creek (170701030606),
SNTL,OR,Madison Butte (608),,1979-October,45.11,-119.5,5150,Morrow,Chapin Creek-Rock Creek (170702041101),
SNTL,OR,Marion Forks (614),,1979-October,44.59,-121.97,2590,Linn,Minto Creek-North Santiam River (170900050205),
SNTL,OR,Mckenzie (619),,1979-October,44.21,-121.87,4770,Lane,White Branch (170900040207),
SNTL,OR,Milk Shakes (1079),,2007-May,45.98,-117.95,5580,Wallowa,Upper Mill Creek (170701020201),
SNTL,OR,Miller Woods (1084),,2006-September,45.25,-123.28,420,Yamhill,Baker Creek (170900080606),
SNTL,OR,Moss Springs (647),,1979-October,45.27,-117.69,5760,Union,Mill Creek (170601040702),
SNTL,OR,Mt Hood Test Site (651),,1979-October,45.32,-121.72,5370,Clackamas,Upper Salmon River (170800010302),
SNTL,OR,Mt. Howard (653),,1979-October,45.27,-117.17,7910,Wallowa,Upper Prairie Creek (170601050102),
SNTL,OR,Mud Ridge (655),,1978-October,45.25,-121.74,4070,Clackamas,Upper Salmon River (170800010302),
SNTL,OR,New Crescent Lake (660),,1979-October,43.51,-121.98,4910,Klamath,Upper Crescent Creek (170703020205),
SNTL,OR,North Fork (666),,1978-October,45.55,-122,3060,Multnomah,Middle Bull Run River (170800010503),
SNTL,OR,Ochoco Meadows (671),,1979-October,44.43,-120.33,5430,Crook,Headwaters Ochoco Creek (170703050201),
SNTL,OR,Peavine Ridge (687),,1979-October,45.04,-121.93,3420,Clackamas,Cot Creek-Oat Grove Fork Clackamas River (170900110306),
SNTL,OR,Quartz Mountain (706),,1979-October,42.32,-120.83,5720,Lake,Middle South Fork Sprague River (180102020404),
SNTL,OR,Railroad Overpass (710),,1980-October,43.66,-122.21,2680,Lane,Middle Salt Creek (170900010302),
SNTL,OR,Red Hill (712),,1978-October,45.46,-121.7,4410,Hood River,Lower Middle Fork Hood River (170701050505),
SNTL,OR,Roaring River (719),,1979-October,43.9,-122.03,4950,Lane,Roaring River-South Fork McKenzie River (170900040302),
SNTL,OR,Rock Springs (721),,1979-October,44.01,-118.84,5290,Grant,Calamity Creek (170501160204),
SNTL,OR,Saddle Mountain (726),,1978-October,45.54,-123.37,3110,Washington,Headwaters Tualatin River (170900100201),
SNTL,OR,Salt Creek Falls (729),,1979-October,43.61,-122.12,4220,Lane,Upper Salt Creek (170900010301),
SNTL,OR,Santiam Jct. (733),,1978-October,44.44,-121.95,3740,Linn,Parks Creek-Lost Lake (170900040201),
SNTL,OR,Schneider Meadows (736),,1980-October,45,-117.17,5400,Baker,Clear Creek (170502010603),
SNTL,OR,Seine Creek (743),,1979-October,45.53,-123.3,2060,Washington,Sain Creek-Scoggins Creek (170900100203),
SNTL,OR,Sevenmile Marsh (745),,1979-October,42.7,-122.14,5700,Klamath,Sevenmile Creek (180102030104),
SNTL,OR,Silver Creek (756),,1979-October,42.96,-121.18,5740,Lake,West Fork Silver Creek (171200050206),
SNTL,OR,Silvies (759),,1978-October,42.75,-118.69,6990,Harney,Mud Creek (171200030201),
SNTL,OR,Smith Ridge (1167),,2011-October,44.3,-122.04,3270,Linn,Smith River (170900040203),
SNTL,OR,Snow Mountain (767),,1978-October,43.95,-119.54,6230,Harney,Crowsfoot Creek-Emigrant Creek (171200020501),
SNTL,OR,South Fork Bull Run (925),,1997-September,45.45,-122.03,2690,Clackamas,South Fork Bull Run River (170800010504),
SNTL,OR,Starr Ridge (789),,1979-October,44.26,-119.02,5250,Grant,Starr Creek-Silvies River (171200020102),
SNTL,OR,Strawberry (794),,1979-October,42.13,-120.84,5770,Lake,Barnes Valley Creek (180102040501),
SNTL,OR,Summer Rim (800),,1978-October,42.7,-120.8,7080,Lake,Headwaters Sycan River (180102020103),
SNTL,OR,Summit Lake (801),,1978-October,43.45,-122.14,5610,Klamath,Summit Lake (170703020203),
SNTL,OR,Sun Pass (1078),,2006-June,42.79,-121.98,5400,Klamath,Egan Spring-Williamson River (180102010602),
SNTL,OR,Swan Lake Mtn (1077),,2006-October,42.41,-121.68,6830,Klamath,Grizzly Butte (180102040802),
SNTL,OR,Taylor Butte (810),,1978-October,42.69,-121.43,5030,Klamath,Chester Spring-Sycan River (180102020606),
SNTL,OR,Taylor Green (812),,1978-October,45.08,-117.55,5740,Baker,South Fork Catherine Creek (170601040502),
SNTL,OR,Three Creeks Meadow (815),,1979-October,44.14,-121.64,5690,Deschutes,Three Creek (170703010601),
SNTL,OR,Tipton (821),,1978-October,44.66,-118.43,5150,Baker,Headwaters North Fork Burnt River (170502020101),
SNTL,OR,Toketee Airstrip (1044),,2003-October,43.23,-122.43,3240,Douglas,Lower Fish Creek (171003010404),
SNTL,OR,Wolf Creek (873),,1978-October,45.07,-118.15,5630,Union,Upper Wolf Creek (170502030601),
SNTL,SD,Blind Park (354),,1989-October,44.11,-103.98,6890,Pennington,Upper Castle Creek (101201100104),
SNTL,SD,North Rapid Creek (920),,1996-August,44.21,-103.79,6130,Lawrence,North Fork Rapid Creek (101201100101),
SNTL,UT,Agua Canyon (907),,1994-October,37.52,-112.27,8900,Kane,Headwaters East Fork Sevier River (160300020301),
SNTL,UT,Atwater (1308),,2022-August,40.59,-111.64,8753,Salt Lake,Headwaters Little Cottonwood Creek (160202040202),
SNTL,UT,Bear River RS (992),,2010-October,40.89,-110.83,8777,Summit,Willow Creek-Bear River (160101010106),
SNTL,UT,Beaver Dams (329),,1980-June,39.14,-111.56,7990,Sanpete,Headwaters Twelvemile Creek (160300040402),
SNTL,UT,Beaver Divide (330),,1978-October,40.61,-111.1,8280,Summit,Shingle Creek-Provo River (160202030105),
SNTL,UT,Ben Lomond Peak (332),,1978-October,41.38,-111.94,7689,Weber,Cutler Creek-North Fork Ogden River (160201020302),
SNTL,UT,Ben Lomond Trail (333),,1980-June,41.38,-111.92,5972,Weber,Cutler Creek-North Fork Ogden River (160201020302),
SNTL,UT,Bevans Cabin (1214),,2012-October,40.46,-112.25,6520,Tooele,Settlement Canyon (160203040401),
SNTL,UT,Big Flat (339),,1978-October,38.3,-112.36,10349,Beaver,Three Creeks (160300070202),
SNTL,UT,Black Flat-U.M. Ck (348),,1980-June,38.68,-111.6,9414,Sevier,U M Creek (140700030101),
SNTL,UT,Blacks Fork Jct (1162),,2010-September,40.96,-110.58,8869,Summit,Meeks Cabin Reservoir-Blacks Forks (140401070303),
SNTL,UT,Bobs Hollow (1278),,2016-October,38.95,-112.15,9319,Millard,North Fork Chalk Creek (160300051401),
SNTL,UT,Box Creek (364),,1979-August,38.51,-112.02,9853,Sevier,Greenwich Creek (160300020106),
SNTL,UT,Box Springs (1156),,2010-October,38.5,-112.01,9228,Piute,Box Creek (160300020107),
SNTL,UT,Brian Head (1154),,2011-October,37.68,-112.86,10039,Iron,Dry Lakes Creek (160300060201),
SNTL,UT,Brighton (366),,1986-September,40.6,-111.58,8766,Salt Lake,Headwaters Big Cottonwood Creek (160202040201),
SNTL,UT,Brown Duck (368),,1978-October,40.58,-110.59,10574,Duchesne,Brown Duck Creek-Lake Fork River (140600030604),
SNTL,UT,Buck Flat (371),,1978-October,39.13,-111.44,9409,Sanpete,Ferron Reservoir-Ferron Creek (140600090302),
SNTL,UT,Buck Pasture (1192),,2011-November,40.84,-110.66,9632,Summit,West Fork Blacks Fork (140401070301),
SNTL,UT,Buckboard Flat (1153),,2012-October,37.87,-109.45,8924,San Juan,North Creek-Montezuma Creek (140802030103),
SNTL,UT,Bug Lake (374),,1978-October,41.69,-111.42,7987,Rich,Laketown Canyon (160102010102),
SNTL,UT,Burts Miller Ranch (1135),,2009-October,40.98,-110.85,8000,Summit,Cottonwood Creek-Mill Creek (160101010105),
SNTL,UT,Camp Jackson (383),,1985-October,37.81,-109.49,8858,San Juan,Johnson Creek (140802010301),
SNTL,UT,Cascade Mountain (1039),,2002-October,40.28,-111.61,7774,Utah,Rock Canyon-Provo River (160202030505),
SNTL,UT,Castle Valley (390),,1980-June,37.66,-112.74,9607,Iron,Upper Mammoth Creek (160300010201),
SNTL,UT,Chalk Creek #1 (392),,1978-October,40.85,-111.05,9171,Summit,East Fork Chalk Creek (160201010301),
SNTL,UT,Chalk Creek #2 (393),,1978-October,40.89,-111.07,8208,Summit,East Fork Chalk Creek (160201010301),
SNTL,UT,Chepeta (396),,1980-July,40.77,-110.01,10499,Duchesne,East Fork Whiterocks River-Whiterocks River (140600031202),
SNTL,UT,Clayton Springs (983),,2000-October,37.97,-111.83,10049,Garfield,Coyote Hollow-Antimony Creek (160300020501),
SNTL,UT,Clear Creek #1 (399),,1978-January,39.87,-111.28,8975,Utah,Upper Soldier Creek (160202020102),
SNTL,UT,Clear Creek #2 (400),,1978-October,39.89,-111.25,7837,Utah,Upper Soldier Creek (160202020102),
SNTL,UT,Corral (1236),,2013-October,39.66,-110.38,8207,Carbon,Grassy Trail Reservoir-Whitmore Canyon (140600070903),
SNTL,UT,Currant Creek (432),,1978-October,40.36,-111.09,7915,Wasatch,Currant Creek Reservoir-Currant Creek (140600040401),
SNTL,UT,Daniels-Strawberry (435),,1978-October,40.3,-111.26,8008,Wasatch,Willow Creek-Strawberry River (140600040101),
SNTL,UT,Dills Camp (444),,1978-October,39.05,-111.47,9228,Sanpete,Beaver Creek-Muddy Creek (140700020201),
SNTL,UT,Donkey Reservoir (452),,1985-October,38.21,-111.47,9799,Wayne,Donkey Creek-Fremont River (140700030305),
SNTL,UT,Dry Bread Pond (455),,1978-October,41.41,-111.54,8302,Cache,Headwaters East Fork Little Bear River (160102030101),
SNTL,UT,Dry Fork (906),,1994-October,40.57,-112.17,7093,Salt Lake,Bingham Creek (160202040106),
SNTL,UT,East Willow Creek (461),,1986-August,39.31,-109.53,8302,Grand,Tenmmile Canyon (140600060205),
SNTL,UT,EF Blacks Fork GS (1163),,2010-October,40.88,-110.54,9360,Summit,East Fork Blacks Fork (140401070302),
SNTL,UT,Elk Ridge (1323),,2024-October,37.82,-109.77,8530,San Juan,Cottonwood Creek (140802010402),
SNTL,UT,Farmington (474),,1978-October,40.97,-111.81,7902,Davis,Farmington Creek-Frontal Farmington Bay (160201020502),
SNTL,UT,Farmington Lower (1054),,2003-November,40.99,-111.82,6779,Davis,Farmington Creek-Frontal Farmington Bay (160201020502),
SNTL,UT,Farnsworth Lake (475),,1980-July,38.77,-111.68,9623,Sevier,Gooseberry Creek (160300030405),
SNTL,UT,Fish Lake Utah (1149),,2010-October,38.5,-111.77,8798,Sevier,Deadman Hollow (140700030108),
SNTL,UT,Five Points Lake (481),,1980-August,40.72,-110.47,10943,Duchesne,Garfield Creek (140600030701),
SNTL,UT,Garden City Summit (1114),,2009-October,41.92,-111.47,7705,Cache,Garden City Canyon-Frontal Bear Lake (160102010106),
SNTL,UT,Gardner Peak (1066),,2004-October,37.4,-113.46,8322,Washington,Grass Valley Creek (150100080701),
SNTL,UT,GBRC HQ (1221),,2012-October,39.32,-111.49,8801,Sanpete,Ephraim Creek (160300040307),
SNTL,UT,GBRC Meadows (1222),,2012-October,39.3,-111.45,9858,Sanpete,Ephraim Creek (160300040307),
SNTL,UT,George Creek (1151),,2010-October,41.92,-113.41,8964,Box Elder,George Creek (170402100401),
SNTL,UT,Gold Basin (1304),,2021-September,38.47,-109.26,10076,San Juan,Upper Pack Creek (140300050401),
SNTL,UT,Gooseberry RS (495),,1979-June,38.8,-111.68,7944,Sevier,Gooseberry Creek (160300030405),
SNTL,UT,Gooseberry RS Up (1184),,2011-October,38.79,-111.69,8396,Sevier,Gooseberry Creek (160300030405),
SNTL,UT,Gutz Peak (1065),,2004-October,37.5,-113.94,6763,Washington,Pine Park Canyon (150100100101),
SNTL,UT,Hardscrabble (896),,1993-October,40.87,-111.72,7250,Morgan,Hardscrabble Creek (160201020105),
SNTL,UT,Harris Flat (514),,1979-August,37.49,-112.58,7792,Kane,Swains Creek (160300010104),
SNTL,UT,Hayden Fork (517),,1978-October,40.8,-110.88,9130,Summit,Hayden Fork (160101010101),
SNTL,UT,Hewinta (521),,1985-September,40.95,-110.48,9500,Summit,West Fork Smiths Fork (140401070203),
SNTL,UT,Hickerson Park (522),,1985-September,40.91,-109.96,9122,Daggett,Upper Sheep Creek (140401060501),
SNTL,UT,Hobble Creek (1223),,2012-October,40.19,-111.36,7377,Utah,Upper Diamond Fork (160202020304),
SNTL,UT,Hole-in-Rock (528),,1985-September,40.92,-110.19,9168,Summit,Beaver Creek-Henrys Fork (140401060205),
SNTL,UT,Horse Ridge (533),,1978-October,41.31,-111.45,8199,Morgan,Blue Fork Creek (160201010601),
SNTL,UT,Huntington Horse (1216),,2012-October,39.62,-111.31,9652,Sanpete,Gooseberry Creek (140600070201),
SNTL,UT,Jones Corral (1099),,2007-October,38.07,-112.17,9749,Garfield,Outlet East Fork Sevier River (160300020507),
SNTL,UT,Kilfoil Creek (1145),,2010-October,41.25,-111.41,7220,Morgan,Upper Lost Creek (160201010603),
SNTL,UT,Kimberly Mine (557),,1980-July,38.48,-112.39,9101,Piute,Mill Creek (160300030104),
SNTL,UT,Kings Cabin (559),,1978-October,40.72,-109.54,8728,Uintah,Middle Little Brush Creek (140600100303),
SNTL,UT,Klondike Narrows (1115),,2009-October,41.97,-111.6,7250,Cache,Hells Kitchen Canyon-Logan River (160102030302),
SNTL,UT,Kolob (561),,1978-October,37.53,-113.05,9263,Iron,Crystal Creek (150100080102),
SNTL,UT,Lakefork #1 (566),,1978-October,40.6,-110.43,10128,Duchesne,Crystal Creek-Yellowstone River (140600030705),
SNTL,UT,Lakefork #3 (1116),,2009-October,40.55,-110.35,8464,Duchesne,Crystal Creek-Yellowstone River (140600030705),
SNTL,UT,Lakefork Basin (513),,1982-October,40.74,-110.62,10885,Duchesne,Ottoson Creek-Lake Fork River (140600030601),
SNTL,UT,Lasal Mountain (572),,1980-August,38.48,-109.27,9578,San Juan,Horse Creek-Mill Creek (140300050404),
SNTL,UT,Lasal Mountain-Lower (1215),,2012-October,38.48,-109.29,8783,San Juan,Horse Creek-Mill Creek (140300050404),
SNTL,UT,Lightning Ridge (1056),,2004-October,41.36,-111.49,8215,Weber,Left Fork South Fork Ogden River (160201020201),
SNTL,UT,Lily Lake (579),,1980-June,40.86,-110.8,9133,Summit,East Fork Bear River (160101010103),
SNTL,UT,Little Bear (582),,1978-October,41.41,-111.83,6548,Cache,South Fork Little Bear River (160102030103),
SNTL,UT,Little Grassy (583),,1985-October,37.49,-113.85,6065,Washington,Little Pine Creek (160300061302),
SNTL,UT,Lonesome Beaver (1261),,2014-October,38.07,-110.77,9410,Garfield,Headwaters North Wash (140700010301),
SNTL,UT,Long Flat (592),,1979-September,37.51,-113.4,7982,Washington,Pinto Creek (160300061403),
SNTL,UT,Long Valley Jct (593),,1986-June,37.49,-112.51,7465,Kane,Headwaters East Fork Virgin River (150100080201),
SNTL,UT,Lookout Peak (596),,1988-June,40.84,-111.71,8161,Salt Lake,Headwaters Parleys Creek (160202040302),
SNTL,UT,Lost Creek Resv (1118),,2010-October,41.22,-111.36,6082,Morgan,Upper Lost Creek (160201010603),
SNTL,UT,Louis Meadow (972),,1999-October,40.83,-111.76,6700,Salt Lake,City Creek (160202040304),
SNTL,UT,Mammoth-Cottonwood (612),,1978-October,39.68,-111.32,8709,Sanpete,Cottonwood Canyon-San Pitch River (160300040203),
SNTL,UT,Merchant Valley (621),,1980-July,38.3,-112.44,8705,Beaver,Merchant Creek (160300070201),
SNTL,UT,Midway Valley (626),,1980-July,37.57,-112.84,9827,Iron,Midway Valley-Midway Creek (160300010101),
SNTL,UT,Mill Creek Canyon (1321),,2024-June,40.7,-111.68,6960,Salt Lake,Headwaters Mill Creek (160202040301),
SNTL,UT,Mill-D North (628),,1988-October,40.66,-111.64,8963,Salt Lake,Headwaters Big Cottonwood Creek (160202040201),
SNTL,UT,Mining Fork (631),,1988-September,40.49,-112.61,8295,Tooele,South Willow Creek-Frontal Great Salt Lake (160203040503),
SNTL,UT,Monte Cristo (634),,1978-October,41.47,-111.5,8932,Cache,Sheep Creek (160102030201),
SNTL,UT,Mosby Mtn. (643),,1978-October,40.61,-109.89,9553,Uintah,Mosby Sink-Dry Fork (140600100702),
SNTL,UT,Mt Baldy (1224),,2012-October,39.14,-111.51,9524,Sanpete,Headwaters Twelvemile Creek (160300040402),
SNTL,UT,Mt Pennell (1269),,2015-October,37.98,-110.79,9209,Garfield,Slate Creek (140700010502),
SNTL,UT,Oak Creek (1146),,2010-October,39.35,-112.19,7850,Millard,Upper Oak Creek (160300051503),
SNTL,UT,Panguitch Lake RS (1148),,2014-October,37.7,-112.65,8350,Garfield,Ipson Creek (160300010402),
SNTL,UT,Parleys Summit (684),,1978-October,40.76,-111.63,7585,Summit,Big Dutch Hollow-East Canyon Creek (160201020103),
SNTL,UT,Parleys Upper (856),,2019-August,40.7,-111.61,8353,Salt Lake,Headwaters Parleys Creek (160202040302),
SNTL,UT,Parrish Creek (971),,1999-October,40.93,-111.81,7740,Davis,Holbrook Creek-Frontal Farmington Bay (160201020501),
SNTL,UT,Payson R.S. (686),,1980-June,39.93,-111.63,8044,Utah,Peteetneet Creek (160202020601),
SNTL,UT,Pickle Keg (691),,1978-October,39.01,-111.58,9020,Sevier,Skumpah Creek-Salina Creek (160300030402),
SNTL,UT,Pine Creek (694),,1985-February,38.88,-112.25,8734,Millard,Pine Creek (160300051307),
SNTL,UT,Powder Mountain (1300),,2021-July,41.37,-111.77,8505,Cache,Davenport Creek (160102030102),
SNTL,UT,Red Pine Ridge (714),,1978-October,39.45,-111.27,8988,Emery,Lowry Water (140600090202),
SNTL,UT,Redden Mine Lwr (1225),,2012-October,40.68,-111.22,8532,Summit,Thorn Creek-Beaver Creek (160201010103),
SNTL,UT,Rees Flat (1217),,2012-October,39.5,-111.73,7206,Juab,Quaking Aspen Creek-Chicken Creek (160300050202),
SNTL,UT,Rock Creek (720),,1980-June,40.55,-110.69,7886,Duchesne,South Fork Rock Creek (140600030304),
SNTL,UT,Rockwood GS (1309),,2022-September,38.67,-112.33,8593,Sevier,Outlet Clear Creek (160300030105),
SNTL,UT,Rocky Basin-Settleme (723),,1980-June,40.44,-112.22,8704,Tooele,Settlement Canyon (160203040401),
SNTL,UT,Santaquin Meadows (1280),,2016-October,39.92,-111.72,7835,Utah,Summit Creek (160202010301),
SNTL,UT,Seeley Creek (742),,1978-October,39.31,-111.43,9904,Sanpete,Seely Creek (140600090203),
SNTL,UT,Smith Morehouse (763),,1978-October,40.79,-111.09,7631,Summit,Moffit Creek-Weber River (160201010203),
SNTL,UT,Snowbird (766),,1989-August,40.57,-111.66,9177,Salt Lake,Headwaters Little Cottonwood Creek (160202040202),
SNTL,UT,Spirit Lk (1117),,2009-October,40.84,-110.01,10235,Daggett,Upper Sheep Creek (140401060501),
SNTL,UT,Steel Creek Park (790),,1978-October,40.91,-110.5,10158,Summit,West Fork Smiths Fork (140401070203),
SNTL,UT,Strawberry Divide (795),,1978-October,40.16,-111.21,8123,Wasatch,Mud Creek (140600040103),
SNTL,UT,Sunflower Flat (1249),,2013-October,38.05,-111.34,10018,Garfield,Oak Creek (140700030406),
SNTL,UT,Suu Ranch (1248),,2013-October,37.6,-112.93,8050,Iron,Crow Creek-Coal Creek (160300060306),
SNTL,UT,Takka Wiiya (1247),,2013-October,39.74,-113.98,9122,Juab,Fifteenmile Creek (160203060804),
SNTL,UT,Temple Fork (1013),,2001-November,41.79,-111.55,7406,Cache,Temple Fork (160102030303),
SNTL,UT,Thaynes Canyon (814),,1988-June,40.62,-111.53,9230,Summit,Kimball Creek (160201020101),
SNTL,UT,Thistle Flat (1226),,2012-October,39.24,-111.52,8787,Sanpete,Manti Canyon (160300040501),
SNTL,UT,Timberline (1097),,2007-October,39.68,-110.43,8736,Carbon,Grassy Trail Reservoir-Whitmore Canyon (140600070903),
SNTL,UT,Timpanogos Divide (820),,1978-October,40.43,-111.62,8140,Utah,Middle American Fork (160202010802),
SNTL,UT,Tony Grove Lake (823),,1978-October,41.9,-111.63,8474,Cache,Tony Grove Creek-Logan River (160102030304),
SNTL,UT,Tony Grove RS (1113),,2009-October,41.89,-111.57,6332,Cache,Tony Grove Creek-Logan River (160102030304),
SNTL,UT,Trial Lake (828),,1978-October,40.68,-110.95,9992,Summit,Spring Canyon-Provo River (160202030102),
SNTL,UT,Trout Creek (833),,1978-October,40.74,-109.67,9518,Uintah,North Fork Ashley Creek (140600100802),
SNTL,UT,Upper Joes Valley (1227),,2012-October,39.42,-111.25,8596,Emery,Indian Creek (140600090201),
SNTL,UT,Usu Doc Daniel (1098),,2007-October,41.86,-111.51,8270,Rich,Big Creek (160102010103),
SNTL,UT,Vernon Creek (844),,1978-October,39.94,-112.41,7401,Tooele,Vernon Creek (160203040102),
SNTL,UT,Webster Flat (853),,1980-July,37.58,-112.9,9203,Iron,Upper Deep Creek (150100080101),
SNTL,UT,White River #1 (864),,1978-October,39.96,-110.99,8641,Wasatch,Right Fork White River (140600070102),
SNTL,UT,Widtsoe #3 (865),,1978-October,37.84,-111.88,9640,Garfield,Sweetwater Creek (160300020403),
SNTL,UT,Wilbur Bench (543),,1978-October,39.89,-110.75,9171,Duchesne,Left Fork Indian Canyon (140600040701),
SNTL,UT,Wolf Creek Peak (1164),,2020-August,40.48,-111.04,9796,Wasatch,Mill Hollow-South Fork Provo River (160202030104),
SNTL,UT,Wrigley Creek (1228),,2012-October,39.13,-111.36,9327,Sanpete,Millsite Reservoir-Ferron Creek (140600090303),
SNTL,UT,Yankee Reservoir (1197),,2012-October,37.75,-112.77,8692,Iron,Center Creek-Parowan Creek (160300060202),
SNTL,WA,Alpine Meadows (908),,1994-September,47.78,-121.7,3500,King,Upper North Fork Tolt River (171100100501),
SNTL,WA,Beaver Pass (990),,2000-October,48.88,-121.26,3630,Whatcom,Upper Big Beaver Creek (171100050605),
SNTL,WA,Blewett Pass (352),,1979-October,47.35,-120.68,4240,Chelan,Upper Peshastin Creek (170200110501),
SNTL,WA,Brown Top (1080),,2009-September,48.93,-121.2,5830,Whatcom,Little Beaver Creek (171100050601),
SNTL,WA,Buckinghorse (1107),,2008-June,47.71,-123.46,4870,Jefferson,Headwaters Elwha River (171100200501),
SNTL,WA,Bumping Ridge (375),,1978-October,46.81,-121.33,4610,Yakima,Upper Bumping River (170300020105),
SNTL,WA,Bunchgrass Mdw (376),,1979-October,48.69,-117.18,5000,Pend Oreille,Harvey Creek (170102160401),
SNTL,WA,Burnt Mountain (942),,1999-July,47.04,-121.94,4170,Pierce,Wilkeson Creek (171100140103),
SNTL,WA,Calamity (1109),,2008-August,45.9,-122.22,2500,Skamania,Lower Canyon Creek (170800020603),
SNTL,WA,Cayuse Pass (1085),,2006-October,46.87,-121.53,5240,Pierce,Headwaters White River (171100140301),
SNTL,WA,Corral Pass (418),,1979-October,47.02,-121.46,5800,Pierce,Silver Creek-White River (171100140307),
SNTL,WA,Cougar Mountain (420),,1979-October,47.28,-121.67,3200,King,North Fork Green River (171100130202),
SNTL,WA,Decline Creek (1319),,1900-January,48.24,-121.46,4480,Snohomish,Dan Creek (171100060403),
SNTL,WA,Dungeness (943),,1998-October,47.87,-123.08,4010,Clallam,Headwaters Dungeness River (171100200301),
SNTL,WA,Easy Pass (998),,2008-September,48.86,-121.44,5270,Whatcom,Indian Creek-Chilliwack River (171100010101),
SNTL,WA,Elbow Lake (910),,1995-August,48.69,-121.91,3040,Whatcom,Wanlick Creek-South Fork Nooksack River (171100040401),
SNTL,WA,Fish Lake (478),,1979-October,47.54,-121.09,3430,Kittitas,Headwaters Cle Elum River (170300010102),
SNTL,WA,Gold Axe Camp (1159),,2010-October,48.95,-118.99,5360,Okanogan,Lower Toroda Creek (170200021204),
SNTL,WA,Gold Mountain (1256),,2010-October,48.19,-118.46,4390,Ferry,Wilmont Creek (170200011703),
SNTL,WA,Green Lake (502),,1981-October,46.55,-121.17,5920,Yakima,Headwaters North Fork Ahtanum Creek (170300030101),
SNTL,WA,Grouse Camp (507),,1979-October,47.28,-120.49,5390,Kittitas,Pearson Creek-Naneum Creek (170300010401),
SNTL,WA,Harts Pass (515),,1979-October,48.72,-120.66,6490,Okanogan,Upper Canyon Creek (171100050501),
SNTL,WA,Hozomeen Camp (991),,2000-October,48.98,-121.08,1690,Whatcom,Silver Creek-Ross Lake (171100050602),
SNTL,WA,Huckleberry Creek (928),,1997-October,47.07,-121.59,2250,Pierce,Silver Creek-White River (171100140307),
SNTL,WA,Indian Rock (1129),,2008-October,45.99,-120.81,5360,Klickitat,West Prong Little Klickitat River (170701060301),
SNTL,WA,June Lake (553),,1980-October,46.15,-122.15,3440,Skamania,Swift Creek (170800020304),
SNTL,WA,Lone Pine (591),,1978-October,46.27,-121.96,3930,Skamania,Upper Clear Creek (170800020203),
SNTL,WA,Lost Horse (599),,1989-October,46.36,-121.08,5120,Yakima,Upper Simcoe Creek (170300030302),
SNTL,WA,Lyman Lake (606),,1978-October,48.2,-120.92,5980,Chelan,Upper Railroad Creek (170200090203),
SNTL,WA,Lynn Lake (1069),,2007-August,47.2,-121.78,3900,King,Howard A Hansen Dam-Green River (171100130203),
SNTL,WA,Marten Ridge (999),,2006-July,48.76,-121.7,3520,Whatcom,Swift Creek (171100051004),
SNTL,WA,Meadows Pass (897),,1993-October,47.28,-121.47,3230,King,Headwaters Cedar River (171100120101),
SNTL,WA,MF Nooksack (1011),,2002-October,48.82,-121.93,4970,Whatcom,Clearwater Creek (171100040303),
SNTL,WA,Morse Lake (642),,1978-October,46.91,-121.48,5410,Yakima,Upper American River (170300020106),
SNTL,WA,Moses Mtn (644),,1991-October,48.36,-119.08,5010,Okanogan,Upper Omak Creeek (170200061903),
SNTL,WA,Mount Crag (648),,1989-October,47.76,-123.03,3960,Jefferson,Tunnel Creek (171100180601),
SNTL,WA,Mount Gardner (898),,1993-October,47.36,-121.57,2920,King,Chester Morse Lake-Cedar River (171100120103),
SNTL,WA,Mowich (941),,1998-September,46.93,-121.95,3160,Pierce,Voight Creek (171100140105),
SNTL,WA,Mt. Tebo (1126),,2020-July,47.46,-123.41,3384,Mason,Upper South Fork Skokomish River (171100170101),
SNTL,WA,Muckamuck (1259),,2014-June,48.59,-119.87,4470,Okanogan,West Fork Salmon Creek (170200062001),
SNTL,WA,Olallie Meadows (672),,1979-October,47.37,-121.44,4030,King,Upper South Fork Snoqualmie River (171100100301),
SNTL,WA,Paradise (679),,1979-October,46.78,-121.75,5130,Pierce,Headwaters Nisqually River (171100150104),
SNTL,WA,Park Creek Ridge (681),,1978-October,48.44,-120.92,4600,Chelan,Park Creek-Stehekin River (170200090106),
SNTL,WA,Pepper Creek (1104),,2007-August,46.1,-121.96,2140,Skamania,Little Creek-Lewis River (170800020111),
SNTL,WA,Pigtail Peak (692),,1979-October,46.62,-121.39,5800,Yakima,Clear Creek (170300020301),
SNTL,WA,Pinto Rock (1263),,2014-October,46.32,-121.94,4440,Skamania,Iron Creek (170800040405),
SNTL,WA,Pope Ridge (699),,1979-October,47.99,-120.57,3590,Chelan,Lake Creek-Entiat River (170200100204),
SNTL,WA,Potato Hill (702),,1980-October,46.35,-121.51,4510,Yakima,Muddy Fork (170800040303),
SNTL,WA,Quartz Peak (707),,1985-October,47.88,-117.09,4700,Spokane,Upper Deadman Creek (170103080302),
SNTL,WA,Rainy Pass (711),,1979-October,48.52,-120.74,4890,Chelan,Upper Granite Creek (171100050503),
SNTL,WA,Rex River (911),,1995-August,47.3,-121.6,3810,King,Rex River (171100120102),
SNTL,WA,Salmon Meadows (728),,1979-October,48.66,-119.84,4460,Okanogan,North Fork Salmon Creek (170200062003),
SNTL,WA,Sasse Ridge (734),,1983-October,47.38,-121.06,4340,Kittitas,Upper Cle Elum River (170300010104),
SNTL,WA,Satus Pass (1231),,2012-August,45.99,-120.68,3960,Klickitat,West Prong Little Klickitat River (170701060301),
SNTL,WA,Sawmill Ridge (1068),,2006-July,47.16,-121.42,4640,King,Lester Creek-Green River (171100130104),
SNTL,WA,Sentinel Butte (1043),,2003-August,48.86,-118.4,4680,Ferry,West Deer Creek (170200021705),
SNTL,WA,Sheep Canyon (748),,1980-October,46.19,-122.25,3990,Cowlitz,Headwaters South Fork Toutle River (170800050601),
SNTL,WA,Skate Creek (1257),,2014-October,46.64,-121.83,3770,Lewis,Silver Creek (170800040505),
SNTL,WA,Skookum Creek (912),,1995-August,47.68,-121.61,3310,King,Upper South Fork Tolt River (171100100503),
SNTL,WA,Sourdough Gulch (985),,2000-July,46.24,-117.39,4000,Asotin,Lick Creek (170601030202),
SNTL,WA,Spencer Meadow (776),,1980-October,46.18,-121.93,3400,Skamania,Cussed Hollow-Lewis River (170800020108),
SNTL,WA,Spirit Lake (777),,1983-October,46.26,-122.18,3520,Skamania,Headwaters North Fork Toutle River (170800050502),
SNTL,WA,Spruce Springs (984),,2000-July,46.18,-117.54,5700,Garfield,North Fork Asotin Creek (170601030201),
SNTL,WA,Stampede Pass (788),,1979-October,47.27,-121.34,3850,King,Sunday Creek (171100130103),
SNTL,WA,Stevens Pass (791),,1979-October,47.75,-121.09,3950,King,Upper Tye River (171100090102),
SNTL,WA,Surprise Lakes (804),,1978-October,46.09,-121.76,4290,Skamania,Big Creek (170800020107),
SNTL,WA,Swamp Creek (975),,1999-October,48.57,-120.78,3930,Skagit,Upper Granite Creek (171100050503),
SNTL,WA,Swift Creek (1012),,2001-October,46.16,-122.18,4440,Skamania,Swift Creek (170800020304),
SNTL,WA,Thunder Basin (817),,1987-September,48.53,-120.99,4320,Skagit,Upper Thunder Creek (171100050702),
SNTL,WA,Tinkham Creek (899),,1993-October,47.33,-121.47,2990,King,Headwaters Cedar River (171100120101),
SNTL,WA,Touchet (824),,1979-October,46.12,-117.85,5530,Columbia,Wolf Fork (170701020303),
SNTL,WA,Trinity (1171),,2010-August,48.07,-120.85,2930,Chelan,Phelps Creek (170200110302),
SNTL,WA,Trough (832),,1978-October,47.23,-120.29,5480,Kittitas,Colockum Creek (170200100402),
SNTL,WA,Upper Wheeler (841),,1979-October,47.29,-120.37,4330,Chelan,Stemilt Creek (170200100310),
SNTL,WA,Waterhole (974),,1999-September,47.94,-123.43,5010,Clallam,Lillian River (171100200506),
SNTL,WA,Wells Creek (909),,1995-August,48.87,-121.79,4030,Whatcom,Wells Creek (171100040103),
SNTL,WA,White Pass E.S. (863),,1979-October,46.64,-121.38,4440,Yakima,Clear Creek (170300020301),
SNTL,WY,Bald Mtn. (309),,1975-October,44.8,-107.84,9380,Big Horn,Upper Porcupine Creek (100800100501),
SNTL,WY,Base Camp (314),,1979-October,43.94,-110.45,7060,Teton,Lower Pacific Creek (170401010304),
SNTL,WY,Battle Mountain (317),,1985-October,41.05,-107.27,7498,Carbon,Lower Battle Creek (140500030109),
SNTL,WY,Bear Trap Meadow (325),,1979-October,43.89,-107.06,8200,Johnson,Lower North Fork Red Fork Powder River (100902010205),
SNTL,WY,Beartooth Lake (326),,1979-October,44.94,-109.57,9360,Park,Beartooth Creek (100700060206),
SNTL,WY,Big Goose (931),,1998-July,44.58,-107.2,7990,Sheridan,Lower East Fork Big Goose Creek (100901010103),
SNTL,WY,Big Sandy Opening (342),,1963-March,42.65,-109.26,9080,Sublette,Black Joe Creek-Big Sandy River (140401040101),
SNTL,WY,Blackhall Mtn (1119),,2009-August,41.06,-106.71,9839,Carbon,Beaver Creek (101800020504),
SNTL,WY,Blackwater (350),,1979-October,44.38,-109.79,9780,Park,Sheep Creek-North Fork Shoshone River (100800120209),
SNTL,WY,Blind Bull Sum (353),,1978-October,42.96,-110.61,8650,Sublette,Upper Horse Creek (140401010402),
SNTL,WY,Bone Springs Div (358),,1978-October,44.68,-107.58,9350,Sheridan,Cedar Creek (100800100102),
SNTL,WY,Brooklyn Lake (367),,1962-October,41.36,-106.23,10250,Albany,North Fork Little Laramie River (101800100502),
SNTL,WY,Burgess Junction (377),,1979-October,44.79,-107.53,7880,Sheridan,Lower North Tongue River (100901010202),
SNTL,WY,Burroughs Creek (379),,1978-October,43.7,-109.67,8750,Fremont,Middle Horse Creek (100800010102),
SNTL,WY,Canyon (384),,1960-October,44.72,-110.51,7870,Park,Cascade Creek-Yellowstone River (100700010705),
SNTL,WY,Casper Mtn. (389),,1962-January,42.73,-106.32,7920,Natrona,Elkhorn Creek (101800070804),
SNTL,WY,Castle Creek (1130),,2010-August,43.67,-109.38,8400,Fremont,Upper East Fork Wind River (100800010401),
SNTL,WY,Cinnabar Park (1046),,1999-June,41.24,-106.23,9707,Albany,Headwaters Little Laramie River (101800100503),
SNTL,WY,Cloud Peak Reservoir (402),,1978-October,44.4,-107.06,9860,Johnson,Upper South Piney Creek (100902060301),
SNTL,WY,Cold Springs (405),,1980-October,43.28,-109.45,9630,Fremont,Dry Creek (100800010702),
SNTL,WY,Cole Canyon (982),,2000-June,44.49,-104.41,5910,Crook,South Redwater Creek (101202030302),
SNTL,WY,Cottonwood Creek (419),,1980-October,42.65,-110.81,7670,Lincoln,Cottonwood Creek (170401050102),
SNTL,WY,Crow Creek (1045),,2003-August,41.23,-105.39,8335,Albany,North Fork Crow Creek (101900090104),
SNTL,WY,Deer Park (923),,1997-August,42.59,-108.9,9700,Fremont,Headwaters Little Popo Agie River (100800030101),
SNTL,WY,Divide Peak (449),,1979-October,41.3,-107.15,8730,Carbon,North Fork Savery Creek (140500030203),
SNTL,WY,Dome Lake (451),,1978-October,44.57,-107.3,8880,Sheridan,West Fork Big Goose Creek (100901010102),
SNTL,WY,East Rim Divide (460),,1984-October,43.13,-110.2,7930,Sublette,Fisherman Creek (170401030203),
SNTL,WY,Elkhart Park G.S. (468),,1963-October,43.01,-109.76,9400,Sublette,Lower Pine Creek (140401020103),
SNTL,WY,Evening Star (472),,1979-October,44.65,-109.78,9200,Park,Upper Sunlight Creek (100700060301),
SNTL,WY,Grand Targhee (1082),,2006-August,43.78,-110.93,9260,Teton,Teton Creek (170402040202),
SNTL,WY,Granite Creek (497),,1987-October,43.34,-110.43,6770,Teton,Lower Granite Creek (170401030304),
SNTL,WY,Grassy Lake (499),,1962-September,44.13,-110.83,7265,Teton,Calf Creek-Fall River (170402030202),
SNTL,WY,Grave Springs (501),,1991-October,43.47,-107.24,8550,Natrona,Upper Buffalo Creek (100902010103),
SNTL,WY,Gros Ventre Summit (506),,1976-April,43.39,-110.13,8750,Teton,Kinky Creek-Gros Ventre River (170401020203),
SNTL,WY,Gunsight Pass (944),,1998-September,43.38,-109.88,9820,Sublette,Middle South Fork Fish Creek (170401020102),
SNTL,WY,Hams Fork (509),,1984-October,42.15,-110.68,7840,Lincoln,West Beaver Creek-Hams Fork (140401070504),
SNTL,WY,Hansen Sawmill (512),,1979-October,44.26,-106.98,8360,Johnson,Upper South Clear Creek (100902060101),
SNTL,WY,Hobbs Park (525),,1978-October,42.87,-109.09,10100,Fremont,Sand Creek (100800030207),
SNTL,WY,Indian Creek (544),,1979-October,42.3,-110.68,9425,Lincoln,East Fork Hams Fork-Hams Fork (140401070502),
SNTL,WY,Kelley R.S. (554),,1963-October,42.27,-110.8,8180,Lincoln,West Fork Hams Fork (140401070501),
SNTL,WY,Kendall R.S. (555),,1984-October,43.25,-110.02,7740,Sublette,Lime Creek-Green River (140401010302),
SNTL,WY,Kirwin (560),,1979-October,43.86,-109.32,9550,Park,Upper Wood River (100800090101),
SNTL,WY,Laprele Creek (571),,1978-October,42.44,-105.86,8390,Converse,Upper La Prele Creek (101800071201),
SNTL,WY,Larsen Creek (1134),,2010-August,42.58,-109.09,9000,Sublette,Pool Creek-Sweetwater River (101800060101),
SNTL,WY,Lewis Lake Divide (577),,1963-September,44.21,-110.67,7850,Teton,Lower Lewis River (170401010104),
SNTL,WY,Little Goose (1131),,2010-August,44.54,-107.18,8870,Johnson,Upper Little Goose Creek (100901010105),
SNTL,WY,Little Snake River (1047),,2004-July,41.07,-106.94,8928,Carbon,Nort Fork Little Snake River (140500030103),
SNTL,WY,Little Warm (585),,1978-October,43.5,-109.75,9370,Fremont,Little Warm Spring Creek-Wind River (100800010212),
SNTL,WY,Loomis Park (597),,1979-October,43.17,-110.14,8240,Sublette,Miner Creek-North Beaver Creek (140401010201),
SNTL,WY,Marquette (616),,1979-October,44.3,-109.24,8760,Park,Carter Creek-South Fork Shoshone River (100800130303),
SNTL,WY,Med Bow (1196),,2012-August,41.38,-106.35,10512,Carbon,Turpin Creek-Medicine Bow River (101800040302),
SNTL,WY,Middle Powder (625),,1978-October,43.63,-107.18,7760,Washakie,Little Canyon Creek (100800080205),
SNTL,WY,New Fork Lake (661),,1984-October,43.11,-109.95,8340,Sublette,Marsh Creek-New Fork River (140401020201),
SNTL,WY,North French Creek (668),,1962-September,41.33,-106.38,10153,Carbon,French Creek (101800020502),
SNTL,WY,Old Battle (673),,1962-September,41.15,-106.97,9860,Carbon,Cow Creek (101800020901),
SNTL,WY,Owl Creek (676),,1979-October,43.66,-109.01,8975,Hot Springs,Middle Fork Owl Creek (100800070103),
SNTL,WY,Parker Peak (683),,1979-October,44.73,-109.91,9400,Park,Little Lamar River-Lamar River (100700010502),
SNTL,WY,Phillips Bench (689),,1976-March,43.52,-110.91,8200,Teton,Spring Creek-Snake River (170401030504),
SNTL,WY,Pocket Creek (1133),,2009-September,42.71,-109.41,9360,Sublette,Cottonwood Creek (140401020505),
SNTL,WY,Powder River Pass (703),,1949-October,44.16,-107.13,9480,Johnson,Upper Canyon Creek (100800080304),
SNTL,WY,Reno Hill (716),,1979-October,42.57,-106.09,8430,Natrona,Upper Deer Creek (101800070901),
SNTL,WY,Sage Creek Basin (1015),,2001-October,41.4,-107.26,7850,Carbon,Upper Sage Creek (101800020802),
SNTL,WY,Salt River Summit (730),,1959-October,42.51,-110.91,7640,Lincoln,Cedar Creek-Salt River (170401050101),
SNTL,WY,Sand Lake (731),,1979-October,41.46,-106.28,10098,Carbon,Deep Creek-Rock Creek (101800040101),
SNTL,WY,Sandstone RS (732),,1984-October,41.11,-107.17,8152,Carbon,Little Sandstone Creek (140500030208),
SNTL,WY,Shell Creek (751),,1978-October,44.5,-107.43,9580,Big Horn,Willett Creek-Shell Creek (100800100101),
SNTL,WY,Snake River Station (764),,1989-October,44.13,-110.67,6920,Teton,Sheffield Creek-Snake River (170401010402),
SNTL,WY,Snider Basin (765),,1980-September,42.49,-110.53,8060,Sublette,Upper South Piney Creek (140401010906),
SNTL,WY,Soldier Park (1132),,2010-August,44.35,-107.01,8720,Johnson,North Clear Creek (100902060103),
SNTL,WY,South Brush Creek (772),,1976-February,41.33,-106.5,8495,Carbon,Barrett Creek-Brush Creek (101800020303),
SNTL,WY,South Pass (775),,1984-October,42.57,-108.84,9040,Fremont,Headwaters Little Popo Agie River (100800030101),
SNTL,WY,Spring Creek Divide (779),,1978-October,42.53,-110.66,9000,Sublette,Headwaters La Barge Creek (140401011001),
SNTL,WY,St. Lawrence Alt (786),,1983-October,43.03,-109.17,8620,Fremont,Saint Lawrence Creek (100800020105),
SNTL,WY,Sucker Creek (798),,1978-October,44.72,-107.4,8880,Sheridan,Upper South Tongue River (100901010203),
SNTL,WY,Sylvan Lake (806),,1978-October,44.48,-110.16,8420,Park,Clear Creek (100700010404),
SNTL,WY,Sylvan Road (807),,1986-October,44.48,-110.04,7120,Park,Middle Creek (100800120103),
SNTL,WY,Thumb Divide (816),,1987-September,44.37,-110.58,7980,Teton,Big Thumb Creek-Yellowstone Lake (100700010409),
SNTL,WY,Tie Creek (818),,1994-August,44.81,-107.41,6870,Sheridan,Sheep Creek-Tongue River (100901010205),
SNTL,WY,Timber Creek (819),,1967-August,44.03,-109.18,7950,Park,Rose Creek-Greybull River (100800090210),
SNTL,WY,Togwotee Pass (822),,1960-October,43.75,-110.06,9580,Teton,Brooks Lake Creek-Wind River (100800010201),
SNTL,WY,Townsend Creek (826),,1979-October,42.7,-108.9,8700,Fremont,Sawmill Creek (100800030203),
SNTL,WY,Triple Peak (831),,1984-October,42.76,-110.59,8500,Sublette,Upper South Cottonwood Creek (140401010503),
SNTL,WY,Two Ocean Plateau (837),,1979-October,44.15,-110.22,9240,Teton,Plateau Creek-Snake River (170401010201),
SNTL,WY,Webber Springs (852),,1976-February,41.16,-106.93,9260,Carbon,North Fork Encampment River (101800020406),
SNTL,WY,Whiskey Park (859),,1985-October,41,-106.91,9020,Carbon,Whiskey Creek-Middle Fork Little Snake River (140500030102),
SNTL,WY,Willow Creek (868),,1979-October,42.82,-110.84,8080,Lincoln,Willow Creek (170401050204),
SNTL,WY,Windy Peak (872),,1979-October,42.28,-105.58,7915,Albany,Headwaters Horseshoe Creek (101800080802),
SNTL,WY,Wolverine (875),,1979-October,44.8,-109.66,7650,Park,Lower Crandall Creek (100700060104),
SNTL,WY,Younts Peak (878),,1979-October,43.93,-109.82,8350,Park,Younts Creek-South Fork Shoshone River (100800130103),
