WatershedName,RunID,Scenario
BlazedAlder,portland_BlazedAlder_CurCond.202203.cl532.chn_cs50,CurCond_CLIGEN
BlazedAlder,portland_BlazedAlder_CurCond.202203.cl532_future.chn_cs50,CurCond_Future
BlazedAlder,portland_BlazedAlder_CurCond.202203.cl532_gridmet.chn_cs50,CurCond_Gridmet
BlazedAlder,portland_BlazedAlder_HighSevS.202203.chn_cs50,HighSevS
BlazedAlder,portland_BlazedAlder_LowSevS.202203.chn_cs50,LowSevS
BlazedAlder,portland_BlazedAlder_ModSevS.202203.chn_cs50,ModSevS
BlazedAlder,portland_BlazedAlder_PrescFireS.202203.chn_cs50,PrescFireS
BlazedAlder,portland_BlazedAlder_SimFire_Eagle.202203.cl532.chn_cs50,SimFire_Eagle
BlazedAlder,portland_BlazedAlder_SimFire_Norse.202203.cl532.chn_cs50,SimFire_Norse
BullRunNearMultnomah,portland_BRnearMultnoma_CurCond.202203.cl532.chn_cs200,CurCond_CLIGEN
BullRunNearMultnomah,portland_BRnearMultnoma_CurCond.202203.cl532_future.chn_cs200,CurCond_Future
BullRunNearMultnomah,portland_BRnearMultnoma_CurCond.202203.cl532_gridmet.chn_cs200,CurCond_Gridmet
BullRunNearMultnomah,portland_BRnearMultnoma_HighSevS.202203.chn_cs200,HighSevS
BullRunNearMultnomah,portland_BRnearMultnoma_LowSevS.202203.chn_cs200,LowSevS
BullRunNearMultnomah,portland_BRnearMultnoma_ModSevS.202203.chn_cs200,ModSevS
BullRunNearMultnomah,portland_BRnearMultnoma_PrescFireS.202203.chn_cs200,PrescFireS
BullRunNearMultnomah,portland_BRnearMultnoma_SimFire_Eagle.202203.cl532.chn_cs200,SimFire_Eagle
BullRunNearMultnomah,portland_BRnearMultnoma_SimFire_Norse.202203.cl532.chn_cs200,SimFire_Norse
NorthFork,portland_NorthFork_CurCond.202203.cl532.chn_cs140,CurCond_CLIGEN
NorthFork,portland_NorthFork_CurCond.202203.cl532_future.chn_cs140,CurCond_Future
NorthFork,portland_NorthFork_CurCond.202203.cl532_gridmet.chn_cs140,CurCond_Gridmet
NorthFork,portland_NorthFork_HighSevS.202203.chn_cs140,HighSevS
NorthFork,portland_NorthFork_LowSevS.202203.chn_cs140,LowSevS
NorthFork,portland_NorthFork_ModSevS.202203.chn_cs140,ModSevS
NorthFork,portland_NorthFork_PrescFireS.202203.chn_cs140,PrescFireS
NorthFork,portland_NorthFork_SimFire_Eagle.202203.cl532.chn_cs140,SimFire_Eagle
NorthFork,portland_NorthFork_SimFire_Norse.202203.cl532.chn_cs140,SimFire_Norse
SouthFork,portland_SouthFork_CurCond.202203.cl532.chn_cs160,CurCond_CLIGEN
SouthFork,portland_SouthFork_CurCond.202203.cl532_future.chn_cs160,CurCond_Future
SouthFork,portland_SouthFork_CurCond.202203.cl532_gridmet.chn_cs160,CurCond_Gridmet
SouthFork,portland_SouthFork_HighSevS.202203.chn_cs160,HighSevS
SouthFork,portland_SouthFork_LowSevS.202203.chn_cs160,LowSevS
SouthFork,portland_SouthFork_ModSevS.202203.chn_cs160,ModSevS
SouthFork,portland_SouthFork_PrescFireS.202203.chn_cs160,PrescFireS
SouthFork,portland_SouthFork_SimFire_Eagle.202203.cl532.chn_cs160,SimFire_Eagle
SouthFork,portland_SouthFork_SimFire_Norse.202203.cl532.chn_cs160,SimFire_Norse
Little Sandy,portland_LittleSandy_CurCond.202203.cl532.chn_cs110,CurCond_CLIGEN
Little Sandy,portland_LittleSandy_CurCond.202203.cl532_future.chn_cs110,CurCond_Future
Little Sandy,portland_LittleSandy_CurCond.202203.cl532_gridmet.chn_cs110,CurCond_Gridmet
Little Sandy,portland_LittleSandy_HighSevS.202203.chn_cs110,HighSevS
Little Sandy,portland_LittleSandy_LowSevS.202203.chn_cs110,LowSevS
Little Sandy,portland_LittleSandy_ModSevS.202203.chn_cs110,ModSevS
Little Sandy,portland_LittleSandy_PrescFireS.202203.chn_cs110,PrescFireS
Little Sandy,portland_LittleSandy_SimFire_Eagle.202203.cl532.chn_cs110,SimFire_Eagle
Little Sandy,portland_LittleSandy_SimFire_Norse.202203.cl532.chn_cs110,SimFire_Norse
FirCreek,portland_FirCreek_CurCond.202203.cl532.chn_cs150,CurCond_CLIGEN
FirCreek,portland_FirCreek_CurCond.202203.cl532_future.chn_cs150,CurCond_Future
FirCreek,portland_FirCreek_CurCond.202203.cl532_gridmet.chn_cs150,CurCond_Gridmet
FirCreek,portland_FirCreek_HighSevS.202203.chn_cs150,HighSevS
FirCreek,portland_FirCreek_LowSevS.202203.chn_cs150,LowSevS
FirCreek,portland_FirCreek_ModSevS.202203.chn_cs150,ModSevS
FirCreek,portland_FirCreek_PrescFireS.202203.chn_cs150,PrescFireS
FirCreek,portland_FirCreek_SimFire_Eagle.202203.cl532.chn_cs150,SimFire_Eagle
FirCreek,portland_FirCreek_SimFire_Norse.202203.cl532.chn_cs150,SimFire_Norse
CedarCreek,portland_CedarCreek_CurCond.202203.cl532.chn_cs150,CurCond_CLIGEN
CedarCreek,portland_CedarCreek_CurCond.202203.cl532_future.chn_cs150,CurCond_Future
CedarCreek,portland_CedarCreek_CurCond.202203.cl532_gridmet.chn_cs150,CurCond_Gridmet
CedarCreek,portland_CedarCreek_HighSevS.202203.chn_cs150,HighSevS
CedarCreek,portland_CedarCreek_LowSevS.202203.chn_cs150,LowSevS
CedarCreek,portland_CedarCreek_ModSevS.202203.chn_cs150,ModSevS
CedarCreek,portland_CedarCreek_PrescFireS.202203.chn_cs150,PrescFireS
CedarCreek,portland_CedarCreek_SimFire_Eagle.202203.cl532.chn_cs150,SimFire_Eagle
CedarCreek,portland_CedarCreek_SimFire_Norse.202203.cl532.chn_cs150,SimFire_Norse
DeerCreek,portland_DeerCreek_CurCond.202203.cl532.chn_cs140,CurCond_CLIGEN
DeerCreek,portland_DeerCreek_CurCond.202203.cl532_future.chn_cs140,CurCond_Future
DeerCreek,portland_DeerCreek_CurCond.202203.cl532_gridmet.chn_cs140,CurCond_Gridmet
DeerCreek,portland_DeerCreek_HighSevS.202203.chn_cs140,HighSevS
DeerCreek,portland_DeerCreek_LowSevS.202203.chn_cs140,LowSevS
DeerCreek,portland_DeerCreek_ModSevS.202203.chn_cs140,ModSevS
DeerCreek,portland_DeerCreek_PrescFireS.202203.chn_cs140,PrescFireS
DeerCreek,portland_DeerCreek_SimFire_Eagle.202203.cl532.chn_cs140,SimFire_Eagle
DeerCreek,portland_DeerCreek_SimFire_Norse.202203.cl532.chn_cs140,SimFire_Norse
CougarCreek,portland_CougarCreek_CurCond.202203.cl532.chn_cs140,CurCond_CLIGEN
CougarCreek,portland_CougarCreek_CurCond.202203.cl532_future.chn_cs140,CurCond_Future
CougarCreek,portland_CougarCreek_CurCond.202203.cl532_gridmet.chn_cs140,CurCond_Gridmet
CougarCreek,portland_CougarCreek_HighSevS.202203.chn_cs140,HighSevS
CougarCreek,portland_CougarCreek_LowSevS.202203.chn_cs140,LowSevS
CougarCreek,portland_CougarCreek_ModSevS.202203.chn_cs140,ModSevS
CougarCreek,portland_CougarCreek_PrescFireS.202203.chn_cs140,PrescFireS
CougarCreek,portland_CougarCreek_SimFire_Eagle.202203.cl532.chn_cs140,SimFire_Eagle
CougarCreek,portland_CougarCreek_SimFire_Norse.202203.cl532.chn_cs140,SimFire_Norse
BearCreek,portland_BearCreek_CurCond.202203.cl532.chn_cs140,CurCond_CLIGEN
BearCreek,portland_BearCreek_CurCond.202203.cl532_future.chn_cs140,CurCond_Future
BearCreek,portland_BearCreek_CurCond.202203.cl532_gridmet.chn_cs140,CurCond_Gridmet
BearCreek,portland_BearCreek_HighSevS.202203.chn_cs140,HighSevS
BearCreek,portland_BearCreek_LowSevS.202203.chn_cs140,LowSevS
BearCreek,portland_BearCreek_ModSevS.202203.chn_cs140,ModSevS
BearCreek,portland_BearCreek_PrescFireS.202203.chn_cs140,PrescFireS
BearCreek,portland_BearCreek_SimFire_Eagle.202203.cl532.chn_cs140,SimFire_Eagle
BearCreek,portland_BearCreek_SimFire_Norse.202203.cl532.chn_cs140,SimFire_Norse
CampCreek,portland_CampCreek_CurCond.202203.cl532.chn_cs140,CurCond_CLIGEN
CampCreek,portland_CampCreek_CurCond.202203.cl532_future.chn_cs140,CurCond_Future
CampCreek,portland_CampCreek_CurCond.202203.cl532_gridmet.chn_cs140,CurCond_Gridmet
CampCreek,portland_CampCreek_HighSevS.202203.chn_cs140,HighSevS
CampCreek,portland_CampCreek_LowSevS.202203.chn_cs140,LowSevS
CampCreek,portland_CampCreek_ModSevS.202203.chn_cs140,ModSevS
CampCreek,portland_CampCreek_PrescFireS.202203.chn_cs140,PrescFireS
CampCreek,portland_CampCreek_SimFire_Eagle.202203.cl532.chn_cs140,SimFire_Eagle
CampCreek,portland_CampCreek_SimFire_Norse.202010.cl532.chn_cs140,SimFire_Norse
FivemileCreek,portland_FivemileCreek_CurCond.202203.cl532.chn_cs140,CurCond_CLIGEN
FivemileCreek,portland_FivemileCreek_CurCond.202203.cl532_future.chn_cs140,CurCond_Future
FivemileCreek,portland_FivemileCreek_CurCond.202203.cl532_gridmet.chn_cs140,CurCond_Gridmet
FivemileCreek,portland_FivemileCreek_HighSevS.202203.chn_cs140,HighSevS
FivemileCreek,portland_FivemileCreek_LowSevS.202203.chn_cs140,LowSevS
FivemileCreek,portland_FivemileCreek_ModSevS.202203.chn_cs140,ModSevS
FivemileCreek,portland_FivemileCreek_PrescFireS.202203.chn_cs140,PrescFireS
FivemileCreek,portland_FivemileCreek_SimFire_Eagle.202203.cl532.chn_cs140,SimFire_Eagle
FivemileCreek,portland_FivemileCreek_SimFire_Norse.202203.cl532.chn_cs140,SimFire_Norse
